COMPNFB,COMPRNFB,DPI,DPIC96,EXPGSC96,GCEC96,GDPC96,GDPCTPI,GPDIC96,GPDICTPI,GRECPT,HOABS,HOANBS,IMPGSC96,IPDBS,JCXFE,OPHNFB,OPHPBS,OUTBS,OUTNFB,PCECC96,PCECTPI,PRS85006013,RCPHBS,ULCBS,ULCNFB,UNLPNBS,USSTHPI
2.68222449413984,0.26285181811989133,1.5369303546753699,-0.8829668894330567,1.8684310788672498,0.3515598296118583,-2.04898366200279,2.3422203029483946,-8.884772951075348,2.315214881502925,-0.2862464497515482,-1.7866736950622908,-1.8456820368143667,-7.533780649664035,2.2078971620107968,2.211898986246963,-1.02566982815957,-1.0630739631001695,-2.8488526919859147,-2.8729353069936625,-2.277835537125128,2.4179511804467424,-1.0091357461285533,0.2168793716574413,3.697349263717964,3.708663946033841,1.2292402983729023,1.5873349156289684
2.51900659531743,0.13116727071542655,3.431218412392756,1.116963052991693,-0.21173875498767813,-1.4877886230522108,-0.15163437205707453,2.2066856528113465,-6.820938505049767,2.0647827802664054,3.793629117051278,-0.3808098141606209,-0.4664500185035614,-7.463896030193151,2.2491176510080813,2.2027268464643868,0.40495690918711524,0.1347415346424352,-0.24709411442840334,-0.06096025845097053,1.0909753940994804,2.310545844426759,-0.281895828624279,0.028973710010227194,2.284450153583073,2.1149645187484634,0.5988801617966999,2.8239225462030504
2.6213496201382025,0.2904144875885528,3.8138963312237095,1.3673962161075082,-0.6041031435836786,-0.003246205996987328,1.836302797257261,2.616340966267927,8.923582722824097,2.101949615858434,4.815594228244091,1.3716025568570878,1.341479379525179,5.226963880024371,2.4722355733130197,2.4057826030777996,1.00048934597039,0.9793278203640732,2.350389494414351,2.3425674896195403,1.3420279465389484,2.4456421854731847,0.8615994203674759,0.14061016088220413,1.4920773434668355,1.6216869761346064,3.111124027941159,0.2675586880438452
2.4862921019347617,-0.26447468144557007,2.4232569812326687,-0.14001995010524126,1.869430226280766,1.2977251292879188,2.0483767382302176,2.616323584078284,8.870159077560302,2.8425103483891156,5.91197188820729,0.5536959047376833,0.5665737535677451,4.197582999364879,2.6111975530872744,2.194657691785462,1.5350137074590986,1.878399877128878,2.4334474208846935,2.1014560416707795,0.3344388479522564,2.560660787077751,0.4518354701698257,-0.31872427000667614,0.5515991454767111,0.949336881189744,6.63701188452519,0.551961812458579
1.7120410061663094,-0.1420687633085116,1.7811568404146882,0.11662649266366287,0.5438428628539604,0.314338068300124,-0.732923470307334,1.8604880590842754,-4.238628020866297,2.1848180615121393,1.7147883048429513,-0.12395170108545628,0.07664535763183267,0.15082261922572116,1.8721963592646773,1.871394291320705,-1.2998162148911252,-0.9027443076247366,-1.0272448002603962,-1.222187822949783,0.007280757043837127,1.6616747760089368,0.47906792276908305,-0.037319880180231024,2.720234183138448,3.0109571820477576,0.3459537215242392,2.047789010230261
2.221688213856554,0.21166341142357936,3.765938935330304,2.13351095818215,-2.148993469085969,-0.3840581398088183,1.1409674792878022,1.9249851767149995,5.454893097271807,1.598985965057853,2.901080855054694,-0.005277950045368129,-0.08068095157085509,-1.1475659794074389,1.782878161578605,1.8258886908998573,0.961783468336197,1.3922591306845256,1.3867024574552467,0.8792388910042526,0.46151212887615145,1.6345138567994688,0.32968209308048557,0.15609786221277844,0.7764162499638516,1.2629179744841679,3.4195785233693154,1.4767227282214357
1.64332095048354,-0.07368995966645642,1.6276192852200388,0.10984322024523152,0.46226901026820144,1.120096774784507,-1.1734900365944156,1.6384415419388176,-3.637246426173668,1.8380825971445525,-0.5890743418316191,-0.39266806583562186,-0.44761504405634867,2.8273364256174105,1.5821449904656504,1.7625391472090524,-1.045855622477987,-1.207955890069723,-1.6021534487689504,-1.4921058244934393,-0.6863667527934325,1.5213663687829726,-0.5095871684847708,-0.06351485908870913,2.860285891762615,2.6864559908874597,0.3177688259607958,0.05495512136839409
2.6164606701263082,1.4124452018393185,1.49829262203518,0.24105067987001405,-4.432911121352934,-0.10402371336235561,-1.6869183573172464,1.423355377566704,-10.381420786561169,1.249376800771529,-0.33038346440870114,-1.7452170082139062,-1.7254966618978962,-2.8922348138483045,1.1639460475379337,1.4543974347192457,-0.4598237783570269,-0.40397032932495414,-2.148945976693506,-2.1856653225143408,0.7338890932961917,1.2628747285625241,-0.784757390606039,1.4602602708333912,3.0681468526003286,3.0780339543674984,-1.9331688588583695,1.598726030283526
0.7751976804318161,-0.2776581468955541,1.5549607667076693,0.6014914511357716,0.598833874137572,0.6508513309213981,0.5432959436237894,1.3194435429427553,-0.12770040952627681,1.129231442550882,1.508156669741112,0.3270373758715195,0.46907231803858807,-1.6477073879626047,1.2288519148168309,1.3421583642388768,0.011521401015102128,0.12447246681670521,0.4528270115220945,0.4819667213027401,0.30413540520939364,0.9564547721381711,-0.2112528072455433,-0.11167859519591872,0.8184786995482973,0.7634432555287951,2.199404425427254,0.8703118950741384
1.5601904439783265,-0.15804300167250318,2.0420552918071877,0.47867553074034674,-4.532609051272729,0.627358915576437,-0.36080542658947223,1.379051652684815,-0.9486195281982468,0.6154734279125051,-0.18696175702102025,-0.6537953393354279,-0.7264868905292765,4.5355298893821505,1.3612785119014426,1.5905159473048158,0.18799522120662715,0.019434835059461975,-0.6340078874270016,-0.5400648030594812,0.6681423589476765,1.5684611948197258,-0.7187760867953585,-0.2879427741905083,1.4068453269944214,1.372156874270658,0.9687264831327536,-0.9424294498089125
1.4697868240966194,0.3791537684362467,1.4077727876065538,0.3135850247252492,-4.687298797977313,1.5848235829673207,0.0975044006615633,1.0069526037823628,-8.049793700132035,0.2122769956524273,0.8509105563047292,-0.9498580054262185,-0.9444614664914752,-4.004342084469137,0.9542602791642096,1.3841482906770342,0.8416321138265292,0.868754677918604,-0.08150709694407787,-0.10307508213749372,1.7365066200037305,1.0962946406216645,-0.8456318083262637,0.3546925399796841,0.5803939108206535,0.6282309073373682,1.9673754772690177,1.2457032528557122
1.000895027020876,0.4260100648711074,1.7583371330863073,0.9392113211495356,1.6030743099878286,0.9530440407110596,1.3012964374244262,0.7947536578967629,3.4231317137098927,-0.23057358338984812,1.1024677899121649,0.5636655812677915,0.6214129353909748,2.2640339678105192,0.7318380807679326,1.3041523422840928,1.2765246890455106,0.9109190333116413,1.47520331680977,1.8989818801127711,0.9838488377551968,0.8241521872604629,0.2545840786913445,0.33443937855759387,-0.0047566573392998635,-0.2769555776611199,1.6338642013620674,1.739327828063253
0.9524731946607634,-0.25108604491865805,1.6001365602447137,0.6906589413967268,0.3015406294233358,1.0037473826629117,2.256322806743327,0.7392652908576824,8.497959043271663,-0.3553353334828202,4.120840877967957,1.0574534870558594,1.1657771354031787,7.406778888404908,0.5668929461382533,0.7630836232650928,2.1366866647768656,1.7110287775636834,2.7682632627436643,3.3022470293663897,2.015812652322424,0.9089578998873193,0.9355163770421449,-0.18203558795155672,-0.68733166920385,-1.183274989320271,3.2710591488784857,1.1141206720612473
0.5288594602323116,-0.4230329914995501,2.7962553208750407,1.4894128165135356,1.494795266814375,1.6274950766122842,1.9390069418362188,1.057837791067584,6.079911264888249,-0.03814663896664072,0.8812426986162691,2.026665110718806,1.9932326619031215,7.5008177987089475,0.9939554112641247,1.5069259323416961,0.4471492569812163,0.39892549182236614,2.4258405690730456,2.4401131312306035,1.7773140628120743,1.3069968996924697,1.2683673047518162,-0.5262309013463806,0.027137258824527777,0.08222292548065724,3.660270783503261,0.7845882382495617
1.1368420122547906,0.21308741946501897,2.8639100536148376,2.2028478419919395,1.9948845826711192,-1.6887090113269387,2.0412191990814677,0.7454897658984994,9.285419301109776,0.3033576229191759,2.832362699234725,1.5946010283018452,1.8609509699603066,4.788840672203598,0.5978857915347469,0.7974017735031147,0.5361356460622524,0.9043099789562525,2.498064485197604,2.3963387986774887,1.5810003094532732,0.6581142543319984,1.8029234651918635,0.5085530862782406,0.5269160610724022,0.6009112058513288,0.4377743076527274,0.5652151726248889
1.1327052260362347,-0.22523899007049764,3.0579859049037594,1.977823740236495,2.0682875075082485,1.163494193882464,1.9673545580911167,0.9815888040858756,9.221398761598643,0.2996309609384795,4.194307792776275,1.9336857019225384,1.9069781900330263,7.732920853887126,0.7779461629294104,1.0045199023158702,0.3667064107539808,0.5302112015710403,2.4629393102826302,2.2748137525936407,0.8264505500857666,1.0748313759008532,1.5699037797832105,-0.27645205914010873,0.5525794438465681,0.7643796542496695,-0.47499527328080937,1.5254533093065348
1.0459297298745618,0.10256687989240731,2.6146301270982164,1.6473468000210545,2.4554626376229294,2.2155391356853293,1.7410923769652698,0.8942505704437664,3.197261883018232,0.5477009608170214,2.274157405880839,1.243977775650773,1.2921765765636195,4.103926533472713,0.6306365698514504,1.1628716359731506,0.5943956579385734,0.8860086026031944,2.131338351890655,1.885231497920925,1.3912539121985645,0.9638203125937661,1.1430998576171802,0.06271131190365153,0.11835161274476036,0.4536234145862572,1.5360389111017891,1.295192536414369
1.4574011051854185,0.6869091351406453,2.081747028479608,1.3115416458074236,2.1833762331873174,0.8235729653541135,0.9789921079237374,0.8994939613061081,2.1393902308469492,0.3736810494528342,1.2359171611898923,0.4470694391808472,0.4219683684656417,2.5553476578696888,0.6588466888334921,0.9352156988855498,0.44931779402705985,0.5373076574705316,0.9853420049500627,0.872609872626473,0.738897677237027,0.7686881670925683,0.7994881191235592,0.6777661107365773,0.9089901278915846,1.0061413319008672,0.5752615596596122,0.917323898771194
0.8002728926423064,-0.022776449250105912,1.4282611984133275,0.8130189013916933,2.009965268691971,1.8915525699627622,0.7944651327418839,0.6955082636473708,-1.30594983130079,0.21965198176774337,2.303193059794051,0.5495169742190775,0.6371944641002436,2.8878756823159435,0.5502309318146104,0.709980843240654,0.12544804512559793,0.23405404811693842,0.7822430917031387,0.7612869828721891,1.2871021313594966,0.6145778190672857,0.7510743676708564,0.04601372372805557,0.6387110447319877,0.6776299603545866,0.23951648305367002,0.8029539248916251
1.2711155485765513,0.36914229805775634,0.9095791492246263,-0.2613386961243691,0.2583086538344048,1.195296792686129,0.9892204503948676,1.0185583021643296,-2.7791345450468796,0.2773503740141514,5.235993012932205,0.7452927755982053,0.7933261967737693,-2.231913436635047,1.0231767273848114,1.3543713414849279,0.29864914853678926,0.43219264554696935,1.177590396790107,1.093225995351732,1.6847758649143785,1.1722475640172814,0.7480857909100358,0.4145209583821696,0.8812400494254469,0.9693929761565911,1.370444264696058,1.409957722733779
0.9503405907317131,0.08006832924820628,2.735984257151891,1.928890936719796,-0.21621291285720545,2.3007720046996916,0.9113256212406995,0.5900157244553395,1.6895680974728045,0.13977016314710156,-2.235805754493825,0.5436935258838815,0.6704074953466588,4.797140460170191,0.49028260319037287,0.863072796265385,0.31556172057527476,0.4195520735020608,0.963494612581961,0.9863897095581553,0.9138495664364754,0.8079396083946477,0.5635797581506452,0.1669426993535339,0.6199286376158852,0.6359761515977169,0.5534756876469427,1.5013858129936608
1.4719278707650219,0.826286301143675,0.46794485923431495,-0.31383875738182354,-1.4654273530759987,2.3234553718516793,1.5437289768012619,0.6614592658565233,-0.6836762296549281,0.40712454194364867,3.961821774018315,0.1385254011044168,0.280285926127366,-0.9691697156066326,0.43178031431292396,1.0215311734754984,1.2646865828704001,1.5918765343659658,1.7307367900664783,1.5443306023475323,1.8815216700032167,0.7808497269572889,0.4777852326535381,0.95321693708037,0.004589085625550382,0.2065120855084146,1.5609891331451298,1.533832721355921
1.8732421207045657,0.9362291616837659,1.7489650214541186,1.0523731268131442,2.9488465070849124,0.3275072959162628,0.7473833935906171,0.5191315768932725,3.619567745396246,0.6233372738154941,1.237175812365976,0.40710844586362427,0.5015576062547211,3.8440325591225566,0.4134858082536219,0.7154943563846494,0.3999444006375086,0.3213506543901623,0.7274486225307797,0.9014731557765554,0.21609668825384176,0.6947974384183819,0.6630342223242103,0.9877638366300623,1.6039189102575513,1.4744294408310488,-1.790290990969856,1.1100443886428835
1.4238469143798227,0.9106628011092077,2.015857772043894,1.3064201093911265,3.098119691896173,0.8308340853571572,0.9225880970863187,0.49114321011041184,-0.029529507910641684,0.4574729569005953,1.9380140315186978,0.01829926625047662,-0.15785517602022736,-0.09232381762940278,0.35774103596200035,1.0745851015023788,1.1937842981328828,0.961394047236741,0.9802321446314544,1.0365678210712659,0.8700180180216677,0.706638077423527,0.08337235214570526,0.7256315360277377,0.2795985225959363,0.2301185448648546,0.9569451016150587,1.9115193230221372
1.1447005525136777,1.6576779787000895,1.167041097188104,1.2708349578819167,1.0776333003491345,2.0157986280000095,0.45801297604270985,0.35011766499692953,-1.7614449107796304,0.6518573790958548,0.1499527843260573,-0.26016394000514254,-0.2657094456492537,4.1698641695779415,0.1832971071108247,0.6830886186144802,0.7805741413987377,0.6491325666178049,0.3889938903744561,0.5153443122417389,1.083790021565001,-0.10540039252742162,0.3200166579479635,1.6394448698402009,0.47472590297061856,0.36140371797594995,-0.39402846524430046,2.0613104765185852
1.2485321696507512,0.6747406215176888,1.1614153537246708,0.6354962797425756,2.2621774246728066,2.2553028598118807,1.0015353720906006,0.47448821025852794,-2.7268401003313514,0.7780041804847038,1.869647139248265,0.5366848278486103,0.5060926951351519,2.732628654685332,0.22375575870228204,0.6838061873416734,0.4281854930360929,0.5207759375739585,1.0572729931850322,0.9323436211940539,1.75356349267215,0.5258945387208946,0.7867140060201727,0.6204139281524412,0.6759901264732804,0.8228904084318422,-0.9815245299090503,1.502126764154088
1.3383436691140727,0.7080212650397932,0.753977444143139,0.15223989711898867,3.659540540271511,-0.5847550822981162,0.5164171988147004,0.5917441489199149,0.2988839430614121,0.716004691643235,2.8328161681210773,0.7296471417781447,0.7482585848281431,0.7670919782310825,0.37127546312705206,0.8101957862634457,-0.20701284541866372,-0.2384244391381074,0.49001228843299494,0.5414493815522725,0.6114755165560481,0.6036660197566324,0.6244411083126344,0.6840163982789527,1.5519710749858362,1.5439089246901183,-1.5615795689094547,1.5374876796793835
0.4396709555884559,-0.7105589174575933,1.851881448310344,0.917143363100692,0.07284703028309636,0.6305017556371695,0.6967965201861048,0.5776304839709034,2.6630256092652793,0.428482737831537,0.39277280592466823,1.190847536199069,1.2351908694745006,-0.5988575847096556,0.512306168960297,0.6244728168216085,-0.4583187582065662,-0.4160100295168334,0.7761574624596701,0.7776461825930614,0.09976547062624519,0.9358795230322237,0.6981795400800905,-0.6981031599478271,0.8699375501357132,0.8993861015302862,0.017272317316230357,1.9597990508121832
0.7450118893550517,-0.31771475630941737,0.01735401235141154,-0.9403006915745138,4.02560214037635,0.9045552078915442,1.116265495250346,0.6764599212258027,0.05212485553718338,0.26389263353454595,6.337788440731096,0.599637732060021,0.5489161881399696,2.463404189995355,0.5643810836630792,0.9642972491362478,0.6892558663594173,0.6026514040118336,1.2011970824408635,1.2383547997883326,1.3554644312069541,0.9595167853578168,0.7094925551682785,-0.330968962723599,0.1273811763924826,0.05359095744665865,1.4176256309001545,1.5267472130788384
1.0190857426268352,0.026726908428464924,2.7146149688872967,1.7741461774042122,4.242328618489566,0.23134697484401556,0.9028707660631241,0.768034075727364,0.014729716122019454,0.2750851456290171,-0.4836054833434744,0.6196436783738157,0.6890886112349115,1.9262465282247732,0.7385427790832289,0.8912374980762472,0.018793620475410222,0.12768308726185396,0.7488226296690659,0.7072078529946513,1.1348444664966095,0.9432852435144135,0.7402673006891014,0.05909026852473076,0.9244259412047207,1.0027746545367755,0.4134850928829703,1.1265193944764107
1.1686926941906872,0.3924437486344523,2.1988907897485532,1.3394902519412,3.661018659490267,1.20660850623997,1.637071092886444,0.7483110985424979,6.591715573474755,0.841700459575101,1.6453408316622564,1.028561061330624,1.0413301555439958,2.2727904467413573,0.4491025512463942,1.0116102722403042,0.9639734963326596,0.8687346466947687,1.8967648080278288,2.006297699681081,0.21133112004285692,0.8604564260412673,0.8412854275877457,0.442067542483926,0.3491104100880271,0.20335980199197579,0.5149322610691787,0.6439260501554855
1.7206841540601037,1.061626603616883,2.2426948996439933,1.4561903660673892,5.407798051601365,-0.677995353112415,0.5608115847383743,0.7702841146715933,-4.918721672216808,0.7502204292474168,1.7578723916645167,0.07348181655766339,0.09670268219030831,-0.4694085105819923,0.852819535288063,0.9591747148334662,0.3496241305580128,0.29870384835808395,0.37229161346736817,0.44617144028533673,1.7510779936037224,0.7866728307545756,0.6898344215353625,1.1087067327698819,1.4688632491083986,1.3711399016546721,-0.5073958981143267,1.5515742001412036
1.1967410223014951,0.15414406119944601,2.122772499297909,1.0243196232870844,2.7658271361015174,0.3566153307922981,1.312629359238926,0.9929208154476399,2.354679427386319,0.6026105361462086,1.2153935103808244,1.3629916118103935,1.4115402902805663,-1.1565842551298111,0.8206091535780224,1.2062425977315883,0.24417980389070948,0.1396576910975611,1.5028682986339081,1.6556343256153738,0.7355450605738056,1.0993518153833648,1.154462767569786,0.21598416934551778,1.1196757981924321,0.9536254284452816,0.8087334273900737,1.9705071079332726
1.233689330910126,0.10763455357034601,2.186961179128488,0.9619118013086236,1.9521749313874182,0.07082580885580114,0.5755573898664323,1.2173489198217702,0.5546970899127146,0.40230606270590386,2.202315056997506,0.17582068525685557,0.2565190284612662,2.3330365215350923,1.2500648050473906,1.1455869367462235,0.2704270529635622,0.33811655594684353,0.5135075179293125,0.5263990943338737,0.8846461747097578,1.2242033185619228,0.4396717337175282,0.2004097094278734,0.9874537520878413,0.9626159352810859,1.5300317949122455,1.023093918777107
0.7472648683920724,-0.18279709609947403,1.9461559734471834,0.9390451850563863,3.0059416445789466,1.8621269445708855,1.315901056201163,0.9163080369274823,1.5157876738653542,0.975804900025512,2.2675796693233607,1.1665733611647688,1.1181801597571983,3.000882881070499,0.7487331941012698,1.1113600174830651,0.23623443420683898,0.2050309535427175,1.3713284866942566,1.3538906047178223,1.130580293629535,1.0048968728483487,0.7289130783344255,-0.27992856147829315,0.4455146592021286,0.5109167550786609,2.2349332356464746,0.9222641196838133
0.28539883117191245,-0.7257117570357963,2.2760082997267617,1.1320617395607968,2.9409003888835272,-0.45406030079089277,1.0036851611779696,0.9575485761354585,3.3273664572007533,0.5718222351540625,3.600191809810571,0.9487415723743453,0.9889720438169824,0.4632630877167365,1.0088780746848158,1.084589930569102,0.05520841315664882,0.20630069714266952,1.1554860748412832,1.0457711428339067,0.46287091453525164,1.1421966977936293,0.8166687433933895,-0.6969110821778202,0.1096987508365288,0.23112491028260962,0.9957102321976663,1.1569739547411473
0.4151334501662163,-1.0851393087739858,1.044781449452259,-0.2952347491945062,4.28375381966557,1.6228736935744337,0.7832692427596655,1.0759945781098068,-0.9644406919433024,0.6328055826251067,0.8124733697181696,0.24363556554254373,0.37952429474605864,0.47235434985282154,1.04382877023097,0.9048087101580116,0.3156078064992407,0.5021325865508075,0.7453826674794328,0.694296151608853,0.46569964362657146,1.339112883281679,0.30087228582624803,-0.9133066837136106,0.08356451049653657,0.09889023990163892,3.117440838376684,1.3646240133856402
0.9045505346683136,0.1810393681269673,1.2519291947088007,0.6620550694304228,1.01535625920679,0.8341856567042782,0.7437277744985593,0.7390679752820262,-0.8918696004490911,0.5149018622322643,0.994084038110099,0.3503767612112796,0.21912741873331143,-0.1362545202870713,0.5954535846396602,0.7425005968930698,0.48565584021567076,0.394206520876228,0.7454803604853399,0.7044862455527046,0.963449293493035,0.5874481075140103,0.06334979857802736,0.10644916134427973,0.4345040790076915,0.4191959232559661,1.157452130453862,2.0960158511682536
1.4255553375468466,0.550027744740067,1.628881111292202,0.8428709486004493,1.5021549897678454,0.5368511116119024,0.21135896156430078,0.6805001489325946,-0.7339760124959405,0.5197412999172535,0.6849645574694918,-0.03017585842481907,-0.0011282924985422937,1.7930968171366857,0.5696834559024921,0.9105872425178241,0.014931439833265614,0.08869180182280445,0.05797806347360712,0.014975103917791444,0.4336726941364333,0.7844459248555147,0.38860455767482094,0.5433024338866055,1.3299761297670187,1.4103763738947173,-0.9417767675516941,0.8299312998083508
1.9179398199410613,0.34397322599328817,2.206835904335769,0.7650486451053595,4.251348041730996,1.559948008577905,1.0889251319564863,1.0830835669013439,0.9737153704906909,0.5926477063154856,1.5481340247668562,0.15413658656973084,0.29067822806023713,3.122178987398172,1.0651739027037088,1.1457895396165263,0.9345708099619543,1.013513755681128,1.1673428963750343,1.2240874637744703,0.8380721572118333,1.438408638665667,0.5556961357342516,0.5226127212668352,1.085200022743571,0.983168115598243,0.8683321252819454,0.5555739434590201
1.9313462164802342,1.0261266491996324,1.5985698463794051,0.6935358322637697,1.2362148963131148,0.24232819907270553,0.38594813797914185,1.112460762809686,0.036135714799812035,0.34995985832146914,1.2305115191317384,-0.5169589330737523,-0.4397246971684865,-0.16768285097805702,0.8955436364521674,1.111234477618428,0.6911601944393553,0.7982230887710884,0.2805050927608743,0.251145057400759,0.3041522482204684,0.9041161853602375,0.015101616482482427,1.1374649750845123,1.2445686670687905,1.2402416584618159,0.5486748475833636,0.41314840953408094
1.325202140534465,-0.294075532754956,1.2279444420386199,-0.03538922042132242,0.754123114555405,-0.05827461377840848,0.024691534068566057,0.8614588144500779,-1.9708207849065573,0.6165528370233986,1.7057488720817027,-0.6324790094997645,-0.5302347489663184,-0.4045005973319249,0.7418926121035341,1.0044633177027862,0.3324102783838434,0.5161026947053671,-0.11616651838783909,-0.19753913358688813,0.39537256853225955,1.2625492625628176,-0.2523800063769066,-0.280011986144757,0.8220587174134764,0.9929838724918483,0.6098819473254302,0.5984603021156332
0.7635966158591856,-0.7825612700592011,0.4570534072920296,-0.8564367525471184,0.8766089101650998,0.9136582886633882,-0.8560857340672356,0.7611109373820035,-5.730916177099221,0.40282398193083324,1.2708728331130459,-0.2600017290877332,-0.42690592661438487,-2.71846298601508,0.7220974989813556,0.8372318610567753,-1.0465820280127325,-1.0745194980943396,-1.333551206274075,-1.4725448750257275,-0.7636661366504427,1.3134684820682807,-0.42127436344499003,-0.8866269228711587,1.7318016622239973,1.8082833339732929,-0.6149799565539738,-0.39252443284825134
0.5903688558290376,0.06565822605129057,0.7724075585400669,0.2496024478054082,0.6090098003230793,0.4879940628604196,-0.4703679598243582,0.967503091383648,-3.3833014635708203,0.8832066754915324,-0.8421277598219312,-0.999934389409951,-0.9917360853411772,-1.1462534662926238,0.8861169687031101,0.8827884570166589,0.31676499730046714,0.23758466876051543,-0.7620156993078719,-0.6755447434314554,-0.3767381776306422,0.5239862676283735,-0.7217959967708687,0.03551496739513382,0.3249123421199762,0.275219549166561,1.9987542697911032,0.8315304601014262
1.8965191313347507,1.438657360330442,1.2719735666342658,0.7289486638388354,3.58110191001888,0.3528314955205225,0.7730630698977947,0.7176277268574616,0.00650735947411718,0.12588362270484765,0.8614432817896756,-0.6077860961137382,-0.6171860279312824,1.7617861813205238,0.5397951689545266,0.76795883243852,1.6044298425091696,1.597209063075411,0.988000275390144,0.9882468735131766,0.8253474836093844,0.5457899424962775,-0.46398864830745623,1.391596194578515,0.25127403990108377,0.2910355509033735,0.9070394571554452,0.6757792664399354
1.193214549185928,0.5929729200809142,1.0831715343764259,0.40742794880834765,2.3396780445340326,-0.36886861638087964,0.47886329366289004,0.7639711825884632,1.9691220238462925,0.1716240646548961,1.285375686888468,-0.08976041478163665,-0.12296700001943606,2.7752322240723437,0.6576886388656611,0.8964284623720786,0.8590359427913974,0.6933529194856902,0.6044674464074529,0.7357562551111307,0.49735253440186256,0.6769327144596993,-0.25712285554657655,0.5512610617647518,0.4600923215336117,0.3346633906150309,1.1961845489559586,0.16674610819240598
1.3175474326997616,0.5894774681431514,1.5492530914510638,0.8279037144001578,2.22677679612735,-0.38102626613154555,0.4356199190775456,0.5793269476532359,3.4861235053845974,-0.31688847137312237,1.3610370766945934,-0.2143697660711652,-0.1649666955588991,2.1849983604782963,0.3754873131381231,0.7846058469664463,0.46576256978356767,0.592558640990859,0.37756147829850484,0.3001947959933471,-0.050052317948079406,0.7222877445396847,-0.1258399387280562,0.6310811901231617,0.7655032076104185,0.8525761592208525,-0.513475748794967,1.4003596737072854
2.5743662894444963,2.0446627989431754,2.615732999417375,1.992516527409549,1.7916159682068056,0.7725113012877927,1.1743195384813276,0.4008442602095208,-1.855875938061935,-0.22072119272920077,0.8693375021683991,-0.6656234240331571,-0.6052673074508519,0.7238869841587281,0.14952176789861937,0.7610697492793861,1.9774855971506078,2.1917297217526333,1.5270830856084938,1.37086620993494,1.8550267653187902,0.6254965945336366,-0.5264423782805672,2.076910231754514,0.4144068618968433,0.5977664415260264,-0.45187605133261144,0.7715275865313842
0.9178301121670174,0.24786142082744433,1.6488750324304746,0.9867502830697816,0.0484479462455667,-0.12895113866298047,1.0966237214658392,0.5945462824417547,5.515565584125248,0.18073645909453262,1.579197239913377,0.5293867668517471,0.39226724437977367,1.6306349172473311,0.4249840931536575,0.7034128464892042,0.8420775308630724,0.7257322308151792,1.254694383661814,1.235221799735431,0.6765457049333179,0.6634094700172177,0.14081483985100007,0.08712066762743831,0.03132459194015169,0.0750957506066463,0.9718759148890754,-0.023292377674799525
1.1451351572272284,0.5106271658180006,1.0980358444063754,0.462839912841595,2.09896511664196,0.5141485850513661,0.9674153751738856,0.47695907005849136,0.8027175449619506,0.23725090716606445,0.626477667540648,0.12700613645808545,0.1653181586130259,1.5641138888489614,0.44948883980522325,0.591024218095626,0.8963973340928355,0.957981806138708,1.0846461549070874,1.0633152300663973,1.066222065892397,0.6353100826638425,0.2334585063681338,0.5476028978295133,0.22649782872434798,0.24866464970365598,0.8623193004082985,1.1407518244324955
0.5438996604707924,-0.21304361087830515,1.1499367533746252,0.4544125346814809,0.5029479093871636,-0.21567088178455762,0.9970308668266981,0.7016328756359158,3.01598502237006,0.34277609509913987,1.8474826438171554,0.6154219521659954,0.6331263394305786,2.365615381889441,0.6732174195731133,0.7299875991039428,0.6053583363596182,0.5743964680632985,1.190742639518927,1.2372753778667978,1.1848406952783108,0.6946525124964964,0.4723932252429286,-0.1866200056405809,-0.006249960939719301,-0.06242041599895387,2.1341054045330488,0.4996707981009152
-0.7392795640207783,-1.2563312540978977,0.9682651513617913,0.3734384218546438,0.2269887085251554,-1.1403356595981684,0.1862607839287378,0.5929074150113678,2.320217049471296,0.29956891729820967,0.12859518304066953,0.7358183150112829,0.8861123379730884,2.1419484653497634,0.5771685487990119,0.6865372573273909,-0.8663628908990084,-0.8010682689323367,-0.0650006610790399,0.019376601933096538,0.38268878403542317,0.5932731030368288,0.7996268576762944,-1.0771357375282342,0.23971844575605417,0.12729634306820614,1.6218396297152715,0.04009508316160648
0.7278594760737,0.01455851311629175,0.9788120640191522,0.3088974577437398,1.1914068121287258,0.11160762796755819,0.5928973470041399,0.5879580712074173,0.5653585917355208,0.37290434641814585,2.5283351323011516,1.0643939518498513,1.1448615383752525,2.044985182897996,0.6132647528555246,0.7576433932350746,-0.6029084220327441,-0.44248544386276123,0.6201733231957718,0.5427779246523379,0.9054981675321372,0.6697968232194818,0.8084326476685888,0.09984050700904135,1.259031724445947,1.331841556883706,-0.7001450764845707,0.9461455591124768
0.04376992314991668,-0.3280802971949548,0.5210631736417781,0.08708287395187142,-0.2666991198092994,0.21193018831304755,0.48647809772255357,0.5006068510378547,-0.6760184719809992,0.23430132770521084,1.0167456545244313,0.5783836027921652,0.5805039792845967,1.3083108918610975,0.5933208053252592,0.5568161228808322,0.445978069965669,-0.09773427915513722,0.4808706736427304,1.0265259150621375,1.106802421346309,0.4339157118426584,0.4905218423019164,-0.3254572373670328,0.14397433099366808,-0.4032537018785476,1.4294410501150878,0.8023095186819873
0.7317290762247186,0.05475485173516148,1.2668707314132277,0.6925525444710701,3.1740290682943595,0.21592663594240946,1.3261197581401873,0.5859279015421492,5.111869497371568,0.24566520810367365,3.4152078387275075,0.92627829568519,0.9403737736747964,3.9387919665381688,0.45143153266105074,0.5134888790067293,0.3933987923904425,0.7807527118129265,1.707793597737517,1.3331234292501826,0.8740238255874999,0.5746810317604378,0.7623748979832534,0.045164086774729384,-0.06027171655480501,0.3392363657679809,0.8865824823097945,0.8238340651200105
-0.5720362607815499,-0.864970635434581,1.0158413318839266,0.6581859542146518,0.9776680210173083,-1.2439998317483436,0.975666271998854,0.5109594456039979,3.784043313589347,0.5854880240374172,0.41103173697676354,0.9287701840167806,0.6094731591539393,2.3030594515735636,0.3074219938827838,0.45146803545268455,0.3001533647018384,0.23381028956350747,1.1619543985075254,0.90949974620953,1.1373046854421531,0.3578644079633264,0.7440433744945629,-1.0008178319665717,-0.9419920569864182,-0.8732383657214626,2.3010414406201107,0.6287054397465575
0.8229253504402401,0.2597881492949483,1.5584356536679778,1.002084044143281,3.3209268380677948,0.5838107488902011,1.3574444003380037,0.4755962833320915,4.785054128948385,0.283788767969817,2.612100393065564,1.7121821112597857,1.6200608381555348,3.658286152653556,0.4013114876959989,0.6720307323567098,0.07489778331706276,-0.09069040609910317,1.6216662148620387,1.694585393779402,0.7750585031537582,0.5565226778834642,0.972967131777569,0.07885852696789541,0.7338369864156924,0.7487797752611769,0.007487439823172792,0.5972147810149764
-0.0282642901420882,-0.7863317783180612,1.2970586680426166,0.5814638354543433,3.6745110726582375,1.6659809044056395,0.5879728895626712,0.5314701799534305,-1.6596997848215445,0.36537255568092064,1.3770522786400008,1.105791089569319,1.170289005749403,2.773233413983789,0.517980638688087,0.5570511301181469,-0.5700203908329371,-0.5134106759327572,0.5931490649033755,0.6016305333386818,0.7596219560131345,0.7150553962499195,1.1560952416257209,-0.734306638483595,0.5361349733377097,0.5398405889532221,0.7503857982868567,0.4126439791030556
0.7771768046009875,0.3423227083834135,1.893416641806489,1.4247458821964543,2.281768171137255,-0.9058839692276166,1.1290838570401363,0.55685254485347,4.029864222537594,0.42146353455239094,1.517274397579893,0.4457247729106939,0.4078366130535471,2.7747308361655065,0.4373242766857466,0.5064473814758053,1.0592946969202544,0.9752273073831752,1.4204411505717829,1.4655711234872193,1.0753242916431205,0.46776934285679417,0.5641795359002444,0.24536848545686496,-0.2947644634335056,-0.2787792021224256,1.7575455533118678,-0.08239268819076884
0.5891692254742953,-0.01106405474144978,1.340022649171324,0.8512130878239432,1.9070299195614204,0.20474549924003327,0.34122208370597207,0.5677840814869661,1.0727453070770387,0.6399423939003945,1.7051228901704185,0.5009296757687132,0.47460730503408044,2.170348669678379,0.46043208844475103,0.5214588250372465,0.07295720167972419,-0.19459283389169357,0.3073398033530239,0.5487674676434295,0.2485747642234415,0.48804254365704125,0.8888455452529698,0.05444466576776108,0.8487757254317607,0.5127461492578256,0.24649414842068396,0.5316100536671087
0.8164670865992374,0.0577654615483425,0.8634310792734468,0.28314669828333194,1.3921768130905399,0.5227768913654174,0.34879544491097647,0.4892993223777786,-2.09382847400299,0.3602058227589744,1.1050700501963995,-0.04659092196650505,-0.14760466030097064,0.9452057093874089,0.421628423146192,0.592642217315209,0.47141656011326916,0.32156338001909646,0.27401941766367344,0.32264107043449286,0.8728498903277426,0.5805714285180841,0.4047163715308777,-0.04825627889255557,0.3895128716645324,0.3480983319199993,0.5418965063992864,1.626492890586384
0.5516342320359247,0.07860573489653078,1.319867512921924,0.9120927321351502,4.236950910319592,-0.27406292789606823,0.8524025028895821,0.4466622608329196,-0.5949762362179811,0.28029391280641747,1.102430068644633,0.9854165496500755,1.1430398713390133,0.343095896731338,0.44856906073595937,0.4756076300482803,-0.009073861236696956,0.0809933186586953,1.0662043344965788,1.1347205713450492,0.9021521326381787,0.40648764817285965,0.6051108042938402,0.14593487464695798,0.5379483749354819,0.5592991745807296,-0.04782435510151117,1.5369319022407346
0.8126933774843081,0.3125826138372645,1.0213312024648147,0.5827268321404233,1.4187707639244707,-0.9030078241398343,0.7074108205712193,0.47093456566704717,2.4579415809935057,-0.09257224188328195,1.1743504385478332,0.18650271015099307,0.24626258951103708,1.270161523896629,0.3308845705570107,0.4999577118216969,0.5595242817817869,0.686565998485289,0.8740784575945959,0.8049712314516455,0.6951461801277148,0.43942709624484877,0.28432785466829813,0.37252719846812,0.18591180582614442,0.2542959193594818,0.22153855214641638,0.7702084920429009
1.0926104968611128,0.33234800025052635,1.4961964167365949,0.9424442570795222,1.1985361001169537,0.2084711104362036,0.6538579375169107,0.4590990161674746,1.518490508661774,-0.21208178310008208,2.1672788633929407,0.20600560467807227,0.18350951172747543,3.1991791068113784,0.3919944792581731,0.3928756612952,0.6326573131095081,0.7391262421895917,0.9451925966503794,0.8158663982547054,0.9180619161639925,0.554491827465764,0.7002814555744585,0.2827847557853147,0.3046781862798831,0.45972099571649494,0.08385381014130999,1.123519251733729
0.9204936054790558,0.07803926746507983,1.5794226350870133,0.9127265198159762,1.614010221898976,1.5893318077877971,1.7309311764865498,0.40769598740473256,4.73088748904269,-0.1753357663790922,2.884612870476655,0.8498472647952227,0.9386293709857441,2.213260553608265,0.48848666569778487,0.47443246404768047,0.9578275381532997,1.1067377674272016,1.9550584148884553,1.8982827764447485,1.0700389958259393,0.6676425027405841,0.6299521718120538,0.13496272170332446,-0.1311507157624625,-0.03853054195115391,1.0851783471356846,0.17133515782470354
0.765375545385627,0.26293380942359335,1.232060521535594,0.8064777851560123,0.8063331106112237,0.10538652146250271,0.9207691939124629,0.48514263340786457,4.50270378141413,0.2982357575004535,0.8997921597279301,0.7368378349352334,0.8264295067703209,3.1907150488095226,0.19318451259602298,0.4551321949813669,0.3678946268885319,0.365712654504069,1.103084910017671,1.1933884018721308,0.6035942050329979,0.4253991117179723,0.63987549261455,0.40990433832366335,0.5487229276474714,0.39903419493931835,0.27837475774319387,0.4451353105807243
0.5680129579755722,-0.24830822437413858,1.2106664536444711,0.531210906884283,6.048311227731951,0.729486120049927,1.0510240631788292,0.4217291679158741,-0.031246121363626145,-0.09390053030804424,2.5487114680024625,1.1012775354614313,1.1425754767389051,1.9527904114872818,0.505660873642455,0.5679751435909708,0.07665885711460874,0.1349457826624878,1.237335533166739,1.220045482547505,0.7933606404325388,0.6779778915288581,0.953257611242897,-0.25675838482994706,0.4241825921644349,0.49059592009035313,0.5473467414171651,0.7768128164496346
1.1473069988991114,0.6220406401649115,1.3891239980498682,0.9479318452834562,1.8826879012183717,-0.024895492284837673,0.759290594772466,0.4469916825200926,2.1349150953510865,0.009278051615790872,1.3533882569066513,0.8828559636780753,0.8377887479522172,4.182206589706627,0.5871482819764573,0.39203222931103454,-0.20652325563217389,-0.19135071216735966,0.6908282839485302,0.6314670971049985,1.0485731200363446,0.4409243617445213,0.7598916730509941,0.5433037605336644,1.2606802036555287,1.3539354167728668,-0.6200776474134528,0.8318284293950207
0.9088060334469183,0.6530960662971097,1.1330992573588716,0.8823169213021842,3.9202850367360043,1.0339891053495087,1.4973136033171741,0.49746316012306835,5.375532573892183,0.024350790651350707,1.7535945923284224,0.443539989413555,0.4789227843160937,3.3017002965847198,0.05216583764946492,0.5198992658367096,1.4673487206449565,1.5586644364029567,2.0017707342436353,1.945814795624301,0.44918438345735723,0.2499363023228618,0.5698021114637797,0.666236301501133,-0.6366476545839994,-0.5585584149618406,1.7254975100981618,0.8350462248002621
1.0030346337657647,0.5651393389633164,1.4335729992591695,1.169845188885077,2.289953107349074,0.16243089516976283,1.2652780415745468,0.29541722280814753,1.7744612360776735,0.06027168804090266,2.221468884771838,0.5124931140255029,0.5791278933117816,3.619787122006901,0.38467689547099226,0.23249516420733585,0.8318044685005077,0.9369930769091539,1.4505249516888696,1.411362302061292,1.6894026298871267,0.26403805690966564,0.4784200492927937,0.7122786174519113,0.21069584745765368,0.17037794887997393,0.6331921774029858,1.3615186794577738
1.7938989677844575,1.2744781015340045,1.7758923386388403,1.4620417400649899,-0.1395527437487054,0.14754887738712696,0.7729480433710023,0.3573607320497274,1.4065887023493318,-0.14030370511788348,1.2225518211107733,0.3567908587662316,0.4658976941710691,2.1369329634956635,0.2202365267586437,0.31687173897489984,0.5052587778989093,0.5603145480846727,0.9167840270722927,0.9706363658369632,1.1881299946718826,0.3127257780783488,0.6175125773307144,1.4047787595450778,1.3646397414628808,1.289673614640563,-1.431422579871544,1.2892569104637985
1.6766342423753855,1.5217353636337805,2.09111485643092,2.0833769545944847,0.4667194502694372,-0.5812424940458527,0.9845551939964281,0.10148760318777761,4.356026179755279,-0.4617226822855258,1.65230923795896,0.5634823742497019,0.6238000158856671,3.6846477785016596,0.053087950282382224,0.29407442393196703,0.584118827845348,0.5629206242939055,1.1254321306282122,1.208348927404046,1.0064500585786007,0.008005764154450645,0.5378541018307814,1.4892054177812142,1.0812295730360688,1.0910296482695259,-1.5770568533298501,1.4810033444698334
1.2494533527366514,0.9702856119559122,1.5454110947288768,1.365643955128526,-1.1098233848191974,2.010482223171106,0.9651849791330491,0.259925634367697,-0.6779254083788544,-0.2275738700477703,1.4443585552905702,0.6016331232303607,0.5201713924009255,2.265150828196294,0.027796730272733328,0.3059966154593141,0.5480791847923605,0.4372309997510371,1.0400319225428056,1.0677337205090787,1.7456110997876806,0.1799604572780389,0.6787171364854849,0.9151362235876981,0.7552324286363543,0.7016926861975747,-0.9783204300935822,0.8906493172617935
1.619069919264593,1.186672039482417,1.3102642395159236,1.0023527024797474,-0.4652930182088788,0.9053380405303457,1.2997174525985145,0.38663694372322865,2.635854332860532,-0.09702212982363179,1.7192054876905338,0.067826269059168,0.12049146166024371,1.3363922619120672,0.24982348715480995,0.353481261587163,1.3438920713977787,1.4100492692619149,1.4779005427376646,1.4637634700305213,1.2955973952983868,0.3098386133070008,0.4401285813565359,1.1551255105918479,0.17734659880801473,0.274731737167766,0.3531833564468734,1.389836745949058
0.5604581354532456,0.146780248570888,1.0503982024092196,0.7885118642668942,3.6347785986222902,0.9104973247687553,1.6282041639655631,0.26883338598633344,2.781744104456596,0.05495180163883617,1.820735534046225,1.152863142386451,1.224300880595397,3.1780360047147127,0.005040513125287305,0.3179572037828038,0.7702327835496625,0.8301707309953166,1.9818607922243991,1.9957682278660904,1.4343579074440171,0.26254390810089845,0.4896862242263822,0.23741322174082313,-0.1762014185852756,-0.20826903977351208,0.13573029302023087,1.1747703358450323
1.7613813746140572,1.4157250611092742,1.1592182230065973,0.899890378773982,-2.458267650422563,0.3620888255555954,0.7953294678950229,0.32481279217524417,2.808194094434313,0.11214823432181831,1.0586473581689404,-0.33082005359794664,-0.15514998501657828,1.4512215005616724,0.21147245523067681,0.32454389541234363,1.3159629008870688,1.4669919037912926,1.136528890849231,1.160132392207025,0.9655965803270661,0.2618564196292361,0.18654182180393164,1.6317154301258796,0.5094475642649421,0.4457608734426799,-0.16174222975555708,1.0456214419180654
0.4121721343130602,-0.3436197963999632,0.7693107046629066,0.22501223848099272,1.0134571370891798,0.5570144450541825,0.8213265021646876,0.4353866488747471,0.08856746486136657,0.052526220545434654,1.3080798044467379,0.5898460864615096,0.5521728390351477,2.8323342852750066,0.09803183048866515,0.32223239967725803,0.2630426768774008,0.25521068722351714,0.8453270961036985,0.8151874634795497,1.4474719805205538,0.5453122048342252,0.6476674060420073,-0.37194188452946975,0.12866424397106613,0.1492852251288923,0.4973879419853944,1.3271991098450897
0.8718099397725609,0.12253594702702486,1.2081860837703573,0.6799351619807936,2.8955974780537908,1.1692921962137781,1.2506684663717849,0.3694440276542643,2.473004441454485,-0.1377941480361855,1.7246152410449689,0.6066127598437276,0.6389241379207711,3.657799927242955,0.23087453948251735,0.3438312192774795,0.932861641362237,0.9139459871729372,1.5205510697335,1.5714722104479328,1.122359638080539,0.5279822558890146,0.5569432501877358,0.1192619403285633,-0.0455259391896945,-0.06151042453881317,0.7707332863890137,1.4088249140039366
1.9910132279744808,1.2193911281354275,2.079719010071024,1.4907619041659714,2.4917012086874024,1.4719694067601097,1.7209252961706056,0.5099955619752627,2.8938464048967383,0.31151764497661105,2.3311091462634437,0.5205993834688449,0.4140832541271955,2.432163589885228,0.4064969982105815,0.4503523239034912,1.516107951606127,1.4277578779964273,1.94764262734477,1.9315197835528153,1.4545820126993902,0.5888807470502577,0.43104371210667125,1.0547665303586307,0.3987848611478384,0.4728839904209359,0.4769337277046759,1.0248238090442285
3.4713774410607634,2.4795474033392217,2.728327091076821,1.8964326873344817,1.5093344406149178,-0.824946624354439,0.28975286120243027,0.6820035251576151,-0.9054848328895027,0.5969820284851934,3.390497812827853,0.5636401138509939,0.5367133519442291,3.93501106789671,0.30908073161155514,0.547967095194668,-0.14295928095950927,-0.05623845251463422,0.5078393251269908,0.3931139777591852,1.5245704589775144,0.8317911961309932,0.6657472238380535,2.4107353395602438,3.459033356969954,3.615012460996514,-5.202015055737341,1.8964184654178595
0.2468433798713754,-0.5232260826786295,1.5486716424566893,1.099803797557719,2.877190814945152,1.211025727563353,1.8711551721189323,0.5823633027803865,5.804306894097699,0.3710236290189073,1.0922120151423798,0.08474859219926856,0.17953840545104072,3.0382946263774357,0.5249877087779353,0.3156811510365287,2.0119006142431672,2.0967740544874935,2.1821342265432975,2.190583647809863,0.9612122606000639,0.4473072664723077,0.33514368331371003,-0.4114067622494666,-1.7379636547726562,-1.7633365767453668,4.220047813768257,1.6163981593431132
1.9302215927000432,1.0081789429358778,1.7725410147768628,1.1545417811415604,2.422782947778934,-0.20664555910645532,0.12020538104930978,0.6070870870031442,-1.2621025067179659,0.4179168983586834,0.5184290971772754,0.07041047694267277,0.05627811073170008,3.3976992424530117,0.48160132601156036,0.45189842968058613,-0.07209758392150434,-0.04591639361493094,0.023716944619778246,-0.01500468899342522,0.9771690962185886,0.6162599092665921,0.1764567942763584,1.0199630529133863,1.9873867200520756,2.0014995577625427,-1.8997443798165925,1.8020040741396848
0.5565082855725656,-0.1239845555494945,0.9096438434111676,0.3568003941589737,-0.8753769038668757,0.3092504275428176,0.5667904628509746,0.5272419946572349,0.05950259763469745,0.16300857682436387,0.7743399074225721,-0.5608507562039122,-0.40610259961599837,-0.054369996748615534,0.39220799159478403,0.47937489748379747,1.085124245437541,1.2181435271662266,0.6580812573408146,0.6792022770519601,0.8564101332119378,0.5503913018996442,-0.05682430665592264,0.003238604161914793,-0.5346141719556385,-0.5284389468132922,1.888269252143271,1.529241942962134
2.230366489277724,1.270270112736771,1.5788370519443262,0.9020779162746351,-1.5672526828612199,1.475922571010102,-0.2847653437182629,0.6368682144878512,-4.713928760291708,0.0401373850722031,1.0374932962218253,-0.03156973349796033,-0.02968623585966057,-1.6789664779666147,0.5006222319932974,0.5749220570161029,-0.45635167510820196,-0.4846966496780958,-0.5171439386359111,-0.4868128416012141,0.39949971937947026,0.6758873820151834,0.4009981411297936,1.3084138440464521,2.7529295834887613,2.686279641098821,-3.421718560034037,2.43568874233997
0.4027503534507204,-0.329682939060838,0.29430457424570733,-0.17479034167351415,-3.3600995292328406,1.9497867554362003,0.5286838406556527,0.6641868031506348,-0.3595542985252109,0.27708143535853935,-0.12256763381550684,-1.1228775593107976,-1.1056008453928179,-2.998820764408805,0.4859788499534723,0.3782060482631522,1.819441100929975,1.726596564526428,0.6039010860495075,0.7138445932852733,0.2361463046591794,0.46728470009700374,-0.6649683450931754,-0.26565824680773176,-1.2592579767695788,-1.417487141096796,3.6366583880090175,1.6619766459917251
0.13712008464263903,-0.13153604967817145,2.340705891190531,2.281184488971455,-4.9835478688178725,-0.07012152887178047,-0.3167563896198544,0.3129501208450236,-1.793186639378419,0.27859623874642025,-6.853438724011873,-1.11507956727257,-1.083691615758564,-2.0250072170106215,0.19421724441475163,0.26875361998852654,0.4022711364882525,0.41268784415118276,-0.702411590371721,-0.681399749235112,0.3421304329414454,0.05888359385108899,-0.7555170667552069,-0.08870981252631083,-0.23185275824948448,-0.264636496387638,0.81684310574337,1.5405330108267279
0.9175893099222066,1.019939000992487,-1.2109890933245993,-1.271797406842623,-3.1762310784799297,1.4457245950567632,0.277142879714809,0.3418721435213712,-5.02971846741378,0.15153158002902956,3.403368798726447,-1.0643421348403237,-1.1668514031092592,-1.3934768856564972,0.054555705758208006,0.5051464094408153,1.2727248811545522,1.3336824010018233,0.2703596680669662,0.10599628134935202,1.484245856493338,0.06260408132643391,-0.9300079464060751,0.9524438948937508,-0.4849416919021188,-0.35575804658165566,1.1925484450284074,1.2341978253386898
0.45292597320720773,0.12173886931368116,2.4141782572135284,2.229187726310222,2.024286776432316,1.467132202943855,0.9165777713898038,0.2724102513615989,3.506273615780575,0.09672336167909634,-4.66349398472401,-0.8072527392045004,-0.8844112780775681,2.832676243487775,0.09328189372341811,0.2907838124205142,2.146229524069998,1.8029289557374817,0.9953780154475567,1.2620378420271194,0.3055919796583595,0.1863280787684829,-0.9145318697802551,0.02329817437569659,-1.4480834898845885,-1.692664309560854,2.668892145052304,1.426007900460835
0.8659121997760089,0.07825802279706195,1.4328757436263828,0.6747304807374732,2.701476459332497,0.9538931827707486,0.550211652310928,0.407847591716326,1.0000329518712547,-0.277904506874993,-0.1376392764583123,0.2131198958293723,0.27441703637096637,3.0876471525107974,0.18388584905766336,0.5706578033120024,0.13538963506691815,0.40940200720260833,0.6214022378093098,0.4102191947661815,0.5121355791333215,0.759220035978192,-0.1564369045788716,0.10583243481647742,0.48429450125970774,0.7311395001480925,-0.0054640330041877405,1.6885563119500624
0.5062755091213234,-0.03594878394377332,0.4000574468681961,-0.08722010835811034,0.7104670089510101,0.7713948369707957,0.4856488021481198,0.4259029084872523,-0.013619425186917056,-0.057043114731669675,0.8280177476913231,-0.37775198038794144,-0.3333902052889748,1.4709092603507834,0.3101451236740438,0.49949915048186355,0.7548130433483458,0.8626235915005331,0.48485387575007977,0.4207494067760109,0.7219127639855216,0.4873352213746962,-0.11824692748314547,0.0042309685751362736,-0.31524209343709586,-0.24900301532726488,1.0030937818249264,1.963513837163955
0.2622537831938665,-0.3145739167787376,1.0527849659991872,0.5920063276548149,-1.3629650580961439,0.7107032020103432,0.06363478924154009,0.5724128146399998,-0.1780771295103456,0.5780494464510788,0.6840755498749296,0.15964721364083445,0.10093288820378632,2.091890697333376,0.3908345373454303,0.3498337694430198,-0.04884124251525179,-0.05613795439165514,0.10472225208779662,0.052469419464351574,0.5730511174222741,0.461638711069412,0.14046578330342285,-0.3411670788142196,0.28992717015468017,0.3106071447521508,0.4533808872643874,1.4068227332200145
0.6226128259569919,-0.3975429883279702,0.9375759733107003,0.23489345362577296,-0.5955151684574389,-0.3239269833004599,0.5166583686898818,0.4936169837058024,0.8439269769192848,0.3601566835482295,0.6329199305341149,-0.5638943545630326,-0.5438415735611102,-1.3974258237218429,0.34506755861567484,0.2396546325468485,1.056951027528541,1.0842155878278525,0.5195510539842019,0.5134768232626818,0.469223438280153,0.7025130780604627,-0.0878943304128299,-0.3902703345127989,-0.45345046998690464,-0.4342370215256075,1.6304600160221838,1.2113470968704299
1.7203473191296226,1.8686610438633622,1.2372369541592931,1.2114818069925093,-0.11522257251233015,1.5612611455376957,0.9236502170139715,0.292088272215274,0.5259259060127697,-0.08143138724987509,0.7559332545131525,-0.48142006093554457,-0.24937167271810168,1.565181017017192,0.1147584222339404,0.294627698677008,1.248995436271727,1.5243503427692318,1.0430562130846255,0.9998875720771849,1.116772543504041,0.025608350901151766,-0.2712415002385171,2.063711760387399,0.3906858517541245,0.4705216916507382,-0.5112451628569659,1.2110534724571131
1.4691207419644137,0.7290787617585615,2.290996033138626,1.6756159370711288,2.6296528431403843,0.0006134461256301904,1.660906045594679,0.5465852117215952,3.474989296930797,0.036199914420453894,-0.9603661127449925,0.3278988262937155,0.14989867042896066,1.2754915646048026,0.4160885391243596,0.4091431988109129,2.223625195505452,1.8791676960007386,2.2076841187149476,2.372384869711386,1.4561676481678276,0.616276709361685,0.2520359042753384,0.5308862634234579,-0.6076561034737971,-0.7525718844386908,1.8113832245859385,1.529329640948518
1.3943144656679785,1.0005607678599482,0.7204637018174864,0.26314990622182677,4.303814427866559,0.5428653701356367,1.1624428177984925,0.5520281112628922,3.467904952806933,0.6538623584308567,3.84123045549849,0.5108235348886048,0.4643637395619571,3.5177677991026,0.42384263759913665,0.40981979516203637,0.9710844111867623,0.8136930560104005,1.323797863940701,1.436443089104511,0.675769082857336,0.4582200336605169,0.33304769140842794,0.9259229726598761,0.5062686293651808,0.42222604258510543,0.05750957562211667,2.7931887250860044
-0.18632198246235632,-1.029622087448434,1.2856149806424355,0.45951769225158756,2.9717766353639874,0.272819096226673,0.5734187232835808,0.7520092917509658,0.057460444705714764,0.9294381270321672,1.2321267942853709,0.31520594265872504,0.4263547194278239,3.0229876851802118,0.9456614000073138,0.6145094515479066,-0.3497114394703793,0.06712419384742319,0.38210945256551554,0.07631116825788098,0.885841720193703,0.8264807691347187,0.21437961439518816,-0.847051249271491,-0.07279786781086983,0.16310700347315077,2.2327951273211966,1.5521974479612233
1.9179779277262554,1.144627182937974,1.8217970259366112,1.1393620721731779,1.2811049045100553,0.5706084408259038,0.7303433116462088,0.8209670736277097,3.5133648884864144,1.0498551560163882,2.041641171878439,0.15126488165781993,0.09062797837726677,4.029459849816863,0.7226495742970407,0.5841280551601713,0.9421179434933258,0.6940549207232749,0.8455909537614659,1.0325491300440248,0.6202491230533624,0.6831580479571109,0.5794386249806216,1.0905391001486464,1.171541321920877,0.9763658638131112,-0.12530368600236486,2.411588727942693
1.7588330679893183,1.1337029643795127,1.1529838358203648,0.650787381892215,0.576568253455445,0.38152373913638016,0.9048299426908102,0.6427856423346867,1.5280909804528342,0.8523386560773893,2.728540268363666,0.5928969093841552,0.5994579177099446,1.0049966947755173,0.4869979115009748,0.37099790020684864,0.4517372017772914,0.5122545194124584,1.1055234820115167,1.0514314953145032,1.0997774904339508,0.5025255318925836,0.515457349944537,1.1183561796940467,1.2312516677477348,1.3065425387709162,-0.28571631042204615,3.7434009773950727
0.43246498342544015,-0.6525292028176644,2.1052329509661405,1.2551217522423386,2.3947567498110445,-0.44182826814651577,0.8606447576459786,0.7659282996456795,1.9977303712885863,0.9717784660604245,2.1294975894127433,0.2626046744237165,0.5437397136628164,2.3306619960230535,0.8186970897088308,0.5395872431391169,0.4758951971248315,0.8604357513370076,1.1236073266926105,1.0192046152161183,1.0818205486621935,0.8511190612162878,0.5365559320169133,-0.37513196468896837,-0.15200110728752492,-0.04306215011258274,2.3735171071288086,2.112162255875738
0.693921224649241,0.19691974999052064,-0.6117661225124138,-1.1793509695952054,1.5327026608264127,0.20852609329065075,1.0603156645869305,0.7601064013649683,2.8067818088272745,1.0127676984446055,5.462226629376055,0.31107286070435336,0.21136772567933448,1.1727354978245508,0.7664101759821129,0.6963410351530364,1.1129529708113317,0.9530487697303691,1.2634925882171189,1.3245521611368716,0.5817768305146132,0.5680770840906568,0.4411663006617772,0.08857261242125603,-0.3663977727025092,-0.41866799756986595,2.7046046834986903,2.2705737350675825
0.5863125943263547,-0.10708440803615105,1.5443715504343203,0.9454975438906388,1.8305559896083956,0.1722340770661468,0.520760820703714,0.702647905156617,-1.2787280237314569,0.9718643006173977,1.38692577512316,0.8076046420312011,0.6031310507141896,1.1398982512908162,0.7401924631159851,0.4581453726880902,-0.23898106289914622,-0.41619389442937305,0.3909029318214685,0.3642267527764531,1.1281613841871874,0.5984736493981124,0.40392579844938936,-0.33638146760983645,0.7733706969009546,0.824866841024452,0.7060554192114488,3.1442602051980018
1.2413405005372802,-0.24724164617451194,1.3585987508593078,0.2952125261131755,0.1139708739557932,0.7783905905761834,0.8365711335665438,0.9349445288981961,1.0346193328217623,1.0444014250905909,1.9227343156964949,0.13056104120945378,0.21939562891155617,0.26508442509989294,0.9403291638714784,0.3735994382830121,0.7914066217376003,0.8843060656586132,1.014693202536776,1.0095615103367095,0.9659927116326017,1.0625769842501853,0.3554001498803139,-0.1829359161555466,0.4213737853305588,0.4515404962750935,1.7858689046887477,2.97473174158025
0.6208794457072564,-0.32068878178774796,2.0516945525008268,1.2727556673954865,2.7828270644595143,-0.36204524536964655,0.5698982412100762,0.7885089327317907,2.9573453659732074,1.1467572831443285,2.7726867864309668,0.5341063038812877,0.6669247760306973,2.974306289213402,0.763545964296064,0.6476524201061373,0.07051752316797888,0.19644617443548285,0.7316431668296097,0.7389008832571875,0.2965152867693277,0.7776453017235063,0.448562429349586,-0.2068443670982134,0.5378020751959589,0.549364184679213,1.2177682352085384,2.2395375219815605
1.9762094187962376,1.462884162152367,2.434232907603473,1.9267033493683527,3.657687701597645,0.8019818505855092,1.194230273227248,0.6892307254878993,1.3131724509651832,0.9006278471908935,3.2861658820133144,0.8909260284252873,0.9791870269619807,2.1344358074385283,0.5785465897774067,0.563135783958657,0.713564031608982,0.7421101892081339,1.63246196843021,1.6918080125335244,1.108946546955103,0.5060372058410145,0.8708805931639141,1.5086986368870292,1.2805165851489164,1.2628948172607402,-0.3472654888593496,1.5702881545323955
0.06986167672717869,-0.8470065363972878,1.0459030987645335,0.2442479448028223,1.855270807194298,0.3716936750138622,0.2983695348229176,0.8315405620077598,-0.6551020437253641,0.621151841861245,1.6339320305762683,0.33540999341115096,0.2325526803487854,1.21147470985834,0.7424152003576268,0.7097435569280108,-0.08224598680888207,-0.10188036583658189,0.23347139969542852,0.151038149883842,0.5053256749107504,0.8003289106307321,0.3206689604741797,-0.9668968985173443,0.05251935458892021,0.1508580335133125,1.7742193524481031,1.0180208180456063
0.15701055196037927,-0.7637610712778908,0.9774128170166207,0.25837819867025047,-0.19953106481240823,0.21986048558275684,0.08939369299660882,0.7319134420099793,-1.0254472517294388,0.5736396919377107,1.186051198638438,0.5466970963494688,0.5395782274342231,0.7639160438822401,0.5961073547723572,0.5383935308676868,-0.3129300466143903,-0.4119001499240049,0.13452893076397743,0.22719078927311287,0.6052808347753569,0.7182042282360968,0.2506182745859675,-0.7490748383528256,0.5821640214279888,0.47101176879085216,0.5118942557595929,0.8177364267807796
1.746447328509948,2.149352253840142,1.1421948202306353,1.3110314169594517,4.35584632318422,0.6479392184259858,0.7796676846210104,0.3749659755887258,-2.3957529405971734,0.7348955030154869,0.8632959415093566,0.39693519787418197,0.3473708683625176,0.2658837234449152,0.11464948544386289,0.42688090173115256,0.8319450853389476,0.7315889194925873,1.1294440798060634,1.178592601275863,0.9630996242739442,-0.16957665691368362,0.39051706931871877,2.0858442150604617,0.9517746044705788,0.9137408973615813,-1.2234093368995502,1.0208113804534236
2.41674291994487,1.4460008291665716,1.7882924459717842,0.8483670793612674,1.6237732828393803,-0.2197224675605014,0.061760113517195236,1.0206964018173892,-0.9243386360908268,0.5080212725752986,2.73087559713332,0.05968876749369301,0.01894728869968887,1.5937692189270436,0.9092502446655715,0.7219774075435836,0.2772548044989165,0.2547968795382438,0.31351264053229855,0.29614768323096285,0.5580109394006882,0.9413010907799446,0.25950003590820003,1.4481138288141793,2.1636012633149626,2.13990015281329,-1.1913216523825376,0.37319895623779686
-0.05575254933560814,-1.1707703760746924,1.0636723721388464,0.2557441387338599,1.7469808909362783,0.8390699093789422,0.7620073830709728,0.6104865904632106,1.3616038628549987,0.025082647454421902,0.8160318619349738,0.16372424172965694,0.40367044638109917,0.4522792953551402,0.6671541464661424,0.37098931215533426,0.41389694066014115,0.5317642010568058,0.6966495551905538,0.8169087362025707,0.1851689493005182,0.8075176767710524,0.28638456923291145,-0.8853537229164488,-0.3020292973606509,-0.46899697499691584,2.2162930456047114,-0.06871217797232987
0.39406066532396977,-0.25209801980876634,0.6511997205922881,0.08878061781434354,3.042343179186169,0.7202671992541987,0.6703357265704923,0.41715358984451,-0.6218870938959675,-0.0030095855301226493,-0.5304450738966793,-0.40839008212971706,-0.34590337863136256,-0.028028183703909804,0.4544293167005442,0.4885588593909418,0.9816324820955735,0.9932971964657256,0.5837245698686822,0.6363986559381196,0.5620094431565192,0.5623893329461893,-0.16735450723395218,-0.18623284481416036,-0.5333074570789798,-0.5885904101573303,1.8218316600405515,-1.1299254835315686
1.0927621432889723,-0.11068181118654152,1.0463662442820265,0.06796405374949188,3.023777995984389,0.4008964004592386,0.35627537100832996,0.45729736719426484,-2.010506742743612,-0.07828103289124755,0.3331881355453703,-0.038936187879468065,-0.23411556281773827,-1.2505722683687104,0.2531119689106909,0.6473630001401887,0.7758360691118682,0.6165114274995886,0.5782886288800526,0.5412552434049367,0.2844065355697367,0.9771746430797812,-0.0038067684347886654,-0.3202090617772768,0.26700924917291147,0.3171287742071094,-0.002268036560870712,-0.31599833482589545
