cpi_de,cpi_jp,cpi_uk,cpi_us,ipi_de,ipi_jp,ipi_uk,ipi_us,ltr_de,ltr_jp,ltr_uk,ltr_us,str_de,str_jp,str_uk,str_us,time
51.8642662546,4.25,29.266774525,32.11,70.3,57.8,93.6,43.7844,5.92,6.44,10.61,7.96,3.0,4.25,6.6,6.7,1978.0
51.9249805403,4.25,29.2850126202,32.26,67.9,57.4,92.7,43.9566,5.81,6.46,10.39,8.03,3.0,4.25,6.5,6.78,1978.0833333333333
52.0298614927,3.5,29.3599650011,32.46,66.7,58.6,92.3,44.7314,5.65,6.25,11.2,8.04,3.0,3.5,6.5,6.79,1978.1666666666667
52.3008138736,3.5,29.2679650011,32.72,67.8,58.7,97.5,45.4008,5.75,6.17,11.91,8.15,3.0,3.5,7.15,6.89,1978.25
52.2977186355,3.5,29.3450483345,33.03,67.9,58.8,93.6,45.5714,5.97,6.19,12.28,8.35,3.0,3.5,8.65,7.36,1978.3333333333333
52.4717662546,3.5,29.6512626202,33.28,67.6,59.2,93.5,45.9285,6.08,6.27,12.48,8.46,3.0,3.5,9.77,7.6,1978.4166666666667
52.4770043498,3.5,30.1410840488,33.54,69.6,59.5,94.8,45.8979,6.3,6.43,12.37,8.64,3.0,3.5,10.0,7.81,1978.5
52.5405757784,3.5,30.221822144,33.74,70.1,60.1,95.4,46.1311,6.32,6.55,12.23,8.41,3.0,3.5,10.0,8.04,1978.5833333333333
52.6029812406,3.5,30.3134636006,34.05,71.2,60.7,95.4,46.3433,6.35,6.59,12.38,8.42,3.0,3.5,10.0,8.45,1978.6666666666667
52.6510204563,3.5,30.5269317378,34.36,69.9,60.8,92.6,46.6981,6.45,6.32,12.72,8.64,3.0,3.5,10.0,8.96,1978.75
52.8075155543,3.5,30.8003998751,34.56,70.5,61.2,93.0,47.1162,6.63,6.36,13.09,8.81,3.0,3.5,11.82,9.76,1978.8333333333333
53.0312900641,3.5,31.0488312476,34.77,72.7,61.8,95.5,47.4887,6.64,6.4,13.12,9.01,3.0,3.5,12.5,10.03,1978.9166666666667
53.3642662546,3.5,31.946774525,35.08,70.3,61.6,86.3,47.0857,6.73,6.74,13.55,9.1,3.0,3.5,12.5,10.07,1979.0
53.4249805403,3.5,32.0650126202,35.43,70.2,61.5,94.4,47.2932,6.98,7.01,13.99,9.1,3.0,3.5,13.63,10.06,1979.0833333333333
53.6298614927,3.5,32.2199650011,35.79,70.6,62.0,96.5,47.5073,7.1,7.69,12.08,9.12,3.03,3.5,13.0,10.09,1979.1666666666667
53.9008138736,4.25,32.2479650011,36.15,72.4,62.3,95.2,46.7743,7.25,8.42,11.39,9.18,4.0,4.25,12.16,10.01,1979.25
53.9977186355,4.25,32.4150483345,36.56,72.2,63.6,96.3,47.3433,7.79,8.49,11.75,9.25,4.0,4.25,12.0,10.24,1979.3333333333333
54.2717662546,4.25,33.0612626202,36.97,74.1,63.8,97.9,47.4173,7.99,8.68,12.56,8.91,4.0,4.25,13.24,10.29,1979.4166666666667
54.6770043498,5.25,34.8510840488,37.38,74.3,64.3,96.0,47.4605,7.87,8.41,12.34,8.95,4.6,5.25,14.0,10.47,1979.5
54.9405757784,5.25,35.001822144,37.74,72.8,65.5,91.6,46.8551,7.66,8.66,12.26,9.03,5.0,5.25,14.0,10.94,1979.5833333333333
55.3029812406,5.25,35.3234636006,38.1,73.2,64.2,91.0,46.993,7.68,8.59,12.56,9.33,5.0,5.25,14.0,11.43,1979.6666666666667
55.2510204563,5.25,35.7669317378,38.51,72.5,65.6,92.3,47.1527,7.86,8.84,13.09,10.3,5.0,5.25,14.0,13.77,1979.75
55.6075155543,6.25,36.1503998751,38.92,74.4,66.3,94.2,47.0276,8.06,9.39,14.76,10.65,6.0,6.25,15.64,13.18,1979.8333333333333
55.9312900641,6.25,36.3988312476,39.38,75.9,66.1,95.6,47.1581,7.94,9.07,15.02,10.39,6.0,6.25,17.0,13.78,1979.9166666666667
55.9642662546,6.25,37.736774525,39.94,75.1,66.7,93.6,47.3423,8.06,8.51,14.41,10.8,6.0,6.25,17.0,13.82,1980.0
56.6249805403,7.25,38.1250126202,40.45,75.1,69.0,91.5,47.3337,8.39,9.29,14.74,12.41,6.07,7.25,17.0,14.13,1980.0833333333333
56.7298614927,9.0,38.5399650011,41.02,74.3,67.3,90.0,46.9732,9.37,10.06,14.93,12.75,7.0,9.0,17.0,17.19,1980.1666666666667
57.0008138736,9.0,39.3279650011,41.43,73.4,68.4,88.4,46.0109,9.36,9.89,14.42,11.47,7.0,9.0,17.0,17.61,1980.25
57.3977186355,9.0,39.5950483345,41.83,73.2,67.9,87.4,44.6306,8.59,8.67,14.11,10.18,7.48,9.0,17.0,10.98,1980.3333333333333
57.4717662546,9.0,40.0612626202,42.24,72.7,67.3,87.2,43.9664,8.18,8.19,13.78,9.78,7.5,9.0,17.0,9.47,1980.4166666666667
57.6770043498,9.0,40.7410840488,42.3,73.0,67.2,84.8,43.547,7.95,8.47,13.08,10.25,7.5,9.0,16.09,9.03,1980.5
57.9405757784,8.25,40.721822144,42.6,73.4,65.2,83.9,43.8376,7.84,8.54,13.7,11.1,7.5,8.25,16.0,9.61,1980.5833333333333
58.0029812406,8.25,40.9434636006,42.96,70.6,66.1,82.3,44.5403,8.17,8.72,13.47,11.51,7.5,8.25,16.0,10.87,1980.6666666666667
57.9510204563,8.25,41.2769317378,43.37,70.9,66.6,80.8,45.3445,8.36,8.47,13.2,11.75,7.5,8.25,16.0,12.81,1980.75
58.4075155543,7.25,41.6803998751,43.83,72.1,65.7,80.5,46.1999,8.7,8.82,13.34,12.68,7.5,7.25,15.6,15.85,1980.8333333333333
59.0312900641,7.25,41.8888312476,44.24,71.0,66.7,79.4,46.3325,8.86,8.81,13.78,12.84,7.5,7.25,14.0,18.9,1980.9166666666667
59.2642662546,7.25,42.596774525,44.65,70.6,66.8,79.4,46.1743,8.98,8.29,13.97,12.57,7.5,7.25,14.0,19.08,1981.0
59.6249805403,7.25,42.8350126202,45.06,72.1,66.5,80.2,45.917,9.76,8.13,13.84,13.19,7.5,7.25,14.0,15.93,1981.0833333333333
60.0298614927,6.25,43.3699650011,45.37,72.0,66.7,79.6,46.0736,10.08,7.83,13.66,13.12,7.5,6.25,12.64,14.7,1981.1666666666667
60.3008138736,6.25,44.0979650011,45.62,71.3,66.7,80.3,46.3234,10.05,7.96,13.66,13.68,7.5,6.25,12.0,15.72,1981.25
60.6977186355,6.25,44.2850483345,45.93,71.7,65.7,78.8,46.5566,10.38,8.33,14.4,14.1,7.5,6.25,12.0,18.52,1981.3333333333333
60.8717662546,6.25,44.6312626202,46.34,70.7,67.4,80.6,46.3155,10.48,8.18,14.69,13.47,7.5,6.25,12.0,19.1,1981.4166666666667
61.3770043498,6.25,45.1810840488,46.85,71.4,67.9,81.0,46.3818,10.55,8.44,15.28,14.28,7.5,6.25,12.0,19.04,1981.5
61.6405757784,6.25,45.391822144,47.21,71.5,67.8,81.2,46.4448,10.54,8.79,15.23,14.94,7.5,6.25,12.14,17.82,1981.5833333333333
62.1029812406,6.25,45.6234636006,47.67,71.7,68.9,81.5,46.2144,10.59,9.22,15.81,15.32,7.5,6.25,13.4,15.87,1981.6666666666667
62.3510204563,6.25,46.1069317378,47.83,71.9,69.4,82.2,45.7791,10.26,9.07,16.34,15.15,7.5,6.25,14.7,15.08,1981.75
62.7075155543,6.25,46.6603998751,48.03,71.4,69.4,81.7,45.2392,9.92,8.09,15.72,13.39,7.5,6.25,14.73,13.31,1981.8333333333333
62.9312900641,5.5,46.9388312476,48.18,70.5,69.0,79.8,44.479,9.71,8.18,16.0,13.72,7.5,5.5,14.4,12.37,1981.9166666666667
63.1642662546,5.5,47.656774525,48.34,71.0,68.6,80.1,43.4104,9.83,8.08,15.94,14.59,7.5,5.5,14.18,13.22,1982.0
63.1249805403,5.5,47.5350126202,48.49,70.8,68.2,81.8,44.583,9.76,8.02,15.09,14.43,7.5,5.5,13.84,14.78,1982.0833333333333
63.1298614927,5.5,47.8399650011,48.49,71.5,68.9,81.0,44.2335,9.43,7.76,14.01,13.86,7.5,5.5,13.36,14.68,1982.1666666666667
63.4008138736,5.5,48.2679650011,48.65,71.2,67.8,81.2,43.9281,8.98,7.75,14.2,13.87,7.5,5.5,13.18,14.94,1982.25
63.8977186355,5.5,48.5250483345,49.11,71.3,67.3,82.1,43.8686,8.82,8.3,13.89,13.62,7.5,5.5,13.13,14.45,1982.3333333333333
64.4717662546,5.5,48.7512626202,49.67,69.5,68.2,80.0,43.796,9.15,8.71,13.75,14.3,7.5,5.5,12.74,14.15,1982.4166666666667
64.6770043498,5.5,49.1110840488,49.93,66.9,67.8,79.9,43.7505,9.26,8.56,13.35,13.95,7.5,5.5,12.2,12.59,1982.5
64.7405757784,5.5,49.011822144,50.03,68.4,68.0,80.2,43.4006,8.98,8.63,12.21,13.06,7.43,5.5,11.29,10.12,1982.5833333333333
65.1029812406,5.5,48.9534636006,50.03,68.2,68.2,80.4,43.2848,8.72,8.75,11.51,12.34,7.0,5.5,10.57,10.31,1982.6666666666667
65.3510204563,5.5,49.2669317378,50.23,67.2,66.3,79.9,42.8028,8.36,8.77,10.69,10.91,6.7,5.5,9.79,9.71,1982.75
65.5075155543,5.5,49.5703998751,50.18,66.4,68.1,79.0,42.5374,8.29,8.44,10.8,10.55,6.0,5.5,9.26,9.2,1982.8333333333333
65.7312900641,5.5,49.4688312476,50.03,66.8,67.4,79.5,42.3804,8.0,7.65,11.58,10.54,5.07,5.5,10.0,8.95,1982.9166666666667
65.7642662546,5.5,49.976774525,50.13,68.0,67.8,81.7,43.4166,7.71,7.88,11.87,10.46,5.0,5.5,10.7,8.68,1983.0
65.7249805403,5.5,50.0550126202,50.18,67.2,67.5,81.3,43.3682,7.71,7.67,11.79,10.72,5.0,5.5,11.0,8.51,1983.0833333333333
65.7298614927,5.5,50.0399650011,50.23,68.5,68.4,80.5,43.7819,7.42,7.77,11.38,10.51,4.57,5.5,10.75,8.77,1983.1666666666667
65.8008138736,5.5,50.2179650011,50.59,69.3,68.5,81.3,44.269,7.51,7.67,11.06,10.4,4.0,5.5,10.23,8.8,1983.25
66.0977186355,5.5,50.3350483345,50.8,68.8,68.6,82.2,44.8386,7.69,8.08,11.16,10.38,4.0,5.5,10.06,8.63,1983.3333333333333
66.1717662546,5.5,50.5412626202,50.9,71.5,69.5,80.9,45.1658,8.11,8.03,10.99,10.85,4.0,5.5,9.76,8.98,1983.4166666666667
66.4770043498,5.5,51.1610840488,51.1,68.2,69.1,82.8,45.8211,8.24,8.08,11.53,11.38,4.0,5.5,9.56,9.37,1983.5
66.9405757784,5.5,51.271822144,51.26,68.6,70.7,82.2,46.1679,8.37,8.1,11.72,11.85,4.0,5.5,9.56,9.56,1983.5833333333333
67.2029812406,5.5,51.4734636006,51.41,70.6,72.0,82.1,47.0217,8.48,7.74,11.25,11.65,4.0,5.5,9.56,9.45,1983.6666666666667
67.0510204563,5.0,51.7269317378,51.62,70.1,71.5,83.7,47.5585,8.26,7.74,11.02,11.54,4.0,5.0,9.06,9.48,1983.75
67.3075155543,5.0,51.9703998751,51.77,70.9,72.3,83.3,47.7271,8.31,7.56,10.68,11.69,4.0,5.0,9.06,9.34,1983.8333333333333
67.4312900641,5.0,52.0988312476,51.92,72.2,73.3,83.8,47.8519,8.41,7.36,10.77,11.83,4.0,5.0,9.06,9.47,1983.9166666666667
67.4642662546,5.0,52.516774525,52.28,71.6,73.7,85.3,48.7369,8.38,7.43,10.77,11.67,4.0,5.0,9.06,9.56,1984.0
67.6249805403,5.0,52.5850126202,52.54,72.3,75.4,84.6,49.2846,8.21,7.42,10.87,11.84,4.0,5.0,9.06,9.59,1984.0833333333333
67.7298614927,5.0,52.6499650011,52.69,70.9,74.9,85.0,49.5054,8.12,7.16,10.66,12.32,4.0,5.0,8.71,9.91,1984.1666666666667
67.7008138736,5.0,52.8279650011,52.9,70.5,74.7,85.1,49.7553,8.08,7.17,10.85,12.63,4.0,5.0,8.56,10.29,1984.25
67.8977186355,5.0,52.9350483345,53.0,71.1,76.2,84.7,49.8901,8.24,7.62,11.38,13.41,4.0,5.0,8.92,10.32,1984.3333333333333
68.0717662546,5.0,53.1512626202,53.1,63.7,76.5,84.6,50.1203,8.24,7.47,11.59,13.56,4.03,5.0,9.05,11.06,1984.4166666666667
68.0770043498,5.0,53.4410840488,53.3,72.4,76.4,84.8,50.3588,8.24,7.77,12.07,13.36,4.5,5.0,11.16,11.23,1984.5
68.0405757784,5.0,53.821822144,53.46,71.7,77.7,85.7,50.4471,8.11,7.35,11.41,12.72,4.5,5.0,11.01,11.64,1984.5833333333333
68.3029812406,5.0,53.9034636006,53.61,73.1,76.7,86.0,50.3474,7.9,7.19,11.23,12.52,4.5,5.0,10.5,11.3,1984.6666666666667
68.5510204563,5.0,54.3069317378,53.82,73.2,79.0,85.3,50.5405,7.57,6.8,11.1,12.16,4.5,5.0,10.5,9.99,1984.75
68.7075155543,5.0,54.5403998751,53.92,73.7,79.0,85.0,50.7013,7.26,6.58,10.73,11.57,4.5,5.0,9.86,9.43,1984.8333333333333
68.7312900641,5.0,54.4888312476,54.02,74.1,78.6,86.2,50.8831,7.04,6.46,10.87,11.5,4.5,5.0,9.5,8.38,1984.9166666666667
68.9642662546,5.0,55.126774525,54.12,73.5,79.1,87.0,50.6997,7.12,6.45,11.36,11.38,4.5,5.0,11.38,8.35,1985.0
69.1249805403,5.0,55.4050126202,54.43,73.9,79.2,87.8,50.5452,7.59,7.03,11.49,11.51,4.5,5.0,13.88,8.5,1985.0833333333333
69.4298614927,5.0,55.8399650011,54.69,74.5,78.5,89.3,50.9267,7.63,6.81,11.33,11.86,4.5,5.0,13.64,8.58,1985.1666666666667
69.4008138736,5.0,56.5179650011,54.79,73.9,79.8,87.3,50.7511,7.31,6.8,11.07,11.43,4.5,5.0,12.68,8.27,1985.25
69.3977186355,5.0,56.6650483345,54.89,74.9,80.6,87.7,50.8175,7.2,6.58,11.23,10.85,4.5,5.0,12.38,7.97,1985.3333333333333
69.3717662546,5.0,56.8712626202,55.05,75.7,79.2,90.3,50.9066,7.05,6.49,11.03,10.16,4.5,5.0,12.38,7.53,1985.4166666666667
69.4770043498,5.0,57.1010840488,55.15,76.6,80.3,86.6,50.6013,6.86,6.42,10.77,10.31,4.5,5.0,11.96,7.88,1985.5
69.4405757784,5.0,57.161822144,55.25,74.6,79.5,88.0,50.8968,6.59,6.15,10.69,10.33,4.25,5.0,11.38,7.9,1985.5833333333333
69.7029812406,5.0,57.0734636006,55.35,75.5,78.8,88.1,50.9516,6.4,5.67,10.68,10.37,4.0,5.0,11.38,7.92,1985.6666666666667
69.6510204563,5.0,57.2669317378,55.56,76.3,79.7,86.1,50.8051,6.59,6.34,10.52,10.24,4.0,5.0,11.38,7.99,1985.75
69.8075155543,5.0,57.5103998751,55.81,77.6,79.6,86.8,51.1319,6.58,6.14,10.69,9.78,4.0,5.0,11.38,8.05,1985.8333333333333
69.8312900641,5.0,57.5588312476,56.07,74.9,79.4,86.3,51.3515,6.45,5.55,10.78,9.26,4.0,5.0,11.38,8.27,1985.9166666666667
69.8642662546,4.5,58.126774525,56.27,76.3,79.4,88.2,51.9157,6.31,5.79,11.13,9.19,4.0,4.5,11.97,8.14,1986.0
69.7249805403,4.5,58.2250126202,56.17,76.5,79.4,87.7,51.6056,6.23,5.37,10.73,8.7,4.0,4.5,12.38,7.86,1986.0833333333333
69.5298614927,4.0,58.1799650011,55.87,76.8,79.3,88.0,51.4745,5.75,4.55,9.69,7.78,3.61,4.0,12.01,7.48,1986.1666666666667
69.4008138736,3.5,58.2579650011,55.66,77.2,79.3,88.0,51.6706,5.36,4.59,8.94,7.3,3.5,3.5,10.85,6.99,1986.25
69.3977186355,3.5,58.2250483345,55.81,77.0,79.2,87.1,51.7645,5.75,4.99,9.15,7.71,3.5,3.5,10.25,6.85,1986.3333333333333
69.3717662546,3.5,58.3112626202,56.02,77.1,79.5,88.0,51.5746,5.87,4.78,9.45,7.8,3.5,3.5,9.88,6.92,1986.4166666666667
69.2770043498,3.5,58.4810840488,56.07,78.3,79.7,87.6,51.8735,5.77,4.67,9.61,7.3,3.5,3.5,9.88,6.56,1986.5
69.2405757784,3.5,58.541822144,56.12,76.8,77.7,87.6,51.9823,5.6,4.51,9.66,7.17,3.5,3.5,9.88,6.17,1986.5833333333333
69.4029812406,3.5,58.8134636006,56.33,76.3,80.3,89.3,52.0919,5.82,4.72,10.28,7.45,3.5,3.5,9.88,5.89,1986.6666666666667
69.0510204563,3.0,59.0069317378,56.43,76.7,79.2,91.2,52.2965,6.14,5.09,10.92,7.43,3.5,3.0,10.44,5.85,1986.75
69.1075155543,3.0,59.5503998751,56.53,77.6,78.1,91.0,52.5516,6.17,5.36,11.08,7.25,3.5,3.0,10.88,6.04,1986.8333333333333
69.1312900641,3.0,59.7188312476,56.74,76.5,80.1,91.3,53.0093,5.95,5.26,10.98,7.11,3.5,3.0,10.88,6.91,1986.9166666666667
69.3642662546,3.0,60.406774525,57.04,74.5,79.6,89.4,52.8426,5.95,4.88,10.27,7.08,3.36,3.0,10.88,6.43,1987.0
69.3249805403,2.5,60.5050126202,57.25,76.6,79.4,91.9,53.6178,5.94,4.67,9.97,7.25,3.0,2.5,10.88,6.1,1987.0833333333333
69.4298614927,2.5,60.5199650011,57.45,75.9,80.6,91.3,53.663,5.88,4.13,9.11,7.25,3.0,2.5,10.26,6.13,1987.1666666666667
69.4008138736,2.5,60.7179650011,57.71,77.5,79.8,91.7,53.9692,5.62,3.0,9.14,8.02,3.0,2.5,9.8,6.37,1987.25
69.3977186355,2.5,60.6850483345,57.86,78.2,78.4,91.2,54.3639,5.54,3.19,8.8,8.61,3.0,2.5,8.98,6.85,1987.3333333333333
69.4717662546,2.5,60.7712626202,58.12,76.7,81.4,92.5,54.583,5.83,3.86,8.93,8.4,3.0,2.5,8.88,6.73,1987.4166666666667
69.5770043498,2.5,61.0610840488,58.27,76.2,82.1,93.7,54.9617,6.18,4.89,9.29,8.45,3.0,2.5,8.88,6.58,1987.5
69.7405757784,2.5,61.121822144,58.53,77.7,82.3,93.9,55.2414,6.42,4.42,10.13,8.76,3.0,2.5,9.73,6.73,1987.5833333333333
69.7029812406,2.5,61.2734636006,58.73,77.0,83.7,94.0,55.5707,6.68,5.72,10.21,9.42,3.0,2.5,9.88,7.22,1987.6666666666667
69.7510204563,2.5,61.6469317378,58.89,78.1,85.1,95.3,56.4706,6.89,4.55,10.14,9.52,3.0,2.5,9.74,7.29,1987.75
69.8075155543,2.5,62.0103998751,59.09,78.6,85.4,95.4,56.8148,6.33,4.73,9.23,8.86,3.0,2.5,8.92,6.69,1987.8333333333333
69.8312900641,2.5,61.9388312476,59.19,78.7,86.4,95.9,57.143,6.43,4.51,9.63,8.99,2.57,2.5,8.42,6.77,1987.9166666666667
69.9642662546,2.5,62.386774525,59.4,78.3,86.9,97.6,57.0485,6.48,4.15,9.71,8.67,2.5,2.5,8.38,6.83,1988.0
70.0249805403,2.5,62.4450126202,59.5,78.9,89.5,96.9,57.1634,6.27,4.31,9.52,8.21,2.5,2.5,8.88,6.58,1988.0833333333333
70.1298614927,2.5,62.5399650011,59.65,78.3,87.7,98.4,57.3369,6.21,4.43,9.22,8.37,2.5,2.5,8.64,6.58,1988.1666666666667
70.1008138736,2.5,62.8179650011,60.01,79.0,89.9,97.5,57.8107,6.28,4.5,9.2,8.72,2.5,2.5,7.95,6.87,1988.25
70.2977186355,2.5,63.0250483345,60.17,79.2,89.1,98.6,57.7501,6.59,4.66,9.41,9.09,2.5,2.5,7.63,7.09,1988.3333333333333
70.3717662546,2.5,63.3112626202,60.42,80.6,89.3,98.7,57.8292,6.61,4.86,9.51,8.92,2.5,2.5,8.28,7.51,1988.4166666666667
70.3770043498,2.5,63.6610840488,60.68,78.3,89.6,100.1,57.8625,6.73,4.91,9.84,9.06,3.0,2.5,9.85,7.75,1988.5
70.5405757784,2.5,63.741822144,60.93,81.9,90.2,101.5,57.8975,6.79,5.36,9.91,9.26,3.09,2.5,10.94,8.01,1988.5833333333333
70.7029812406,2.5,64.0134636006,61.19,80.8,91.7,101.9,58.0534,6.63,5.02,10.1,8.98,3.5,2.5,11.88,8.19,1988.6666666666667
70.7510204563,2.5,64.3869317378,61.4,81.3,90.4,101.6,58.3773,6.42,4.64,9.69,8.8,3.5,2.5,11.88,8.3,1988.75
71.0075155543,2.5,64.7503998751,61.6,81.6,92.1,102.7,58.5274,6.35,4.55,9.86,8.96,3.5,2.5,12.06,8.35,1988.8333333333333
71.2312900641,2.5,64.8388312476,61.8,83.7,93.0,102.1,58.771,6.51,4.75,10.14,9.11,3.5,2.5,12.88,8.76,1988.9166666666667
71.5642662546,2.5,65.486774525,62.06,82.4,93.9,104.1,59.2348,6.64,4.8,9.96,9.09,3.68,2.5,12.88,9.12,1989.0
71.7249805403,2.5,65.5450126202,62.27,82.3,93.5,104.0,58.6806,6.83,4.89,9.72,9.17,4.0,2.5,12.88,9.36,1989.0833333333333
71.8298614927,2.5,65.7399650011,62.57,83.1,96.8,102.9,58.6303,6.94,5.15,9.88,9.36,4.0,2.5,12.88,9.85,1989.1666666666667
72.2008138736,2.5,66.1179650011,63.03,85.2,95.1,104.5,58.7225,6.86,5.22,10.18,9.18,4.15,2.5,12.88,9.84,1989.25
72.2977186355,3.25,66.3250483345,63.34,81.1,95.0,104.0,58.2365,6.96,5.17,10.17,8.86,4.5,3.25,13.04,9.81,1989.3333333333333
72.3717662546,3.25,66.7112626202,63.55,84.3,96.3,102.7,58.3606,6.77,5.23,10.55,8.28,4.52,3.25,13.75,9.53,1989.4166666666667
72.2770043498,3.25,66.9610840488,63.75,84.7,94.2,103.2,57.7007,6.66,5.04,10.15,8.02,5.0,3.25,13.75,9.24,1989.5
72.4405757784,3.25,66.941822144,63.75,84.5,96.1,104.1,58.1822,6.7,4.88,9.91,8.11,5.0,3.25,13.75,8.99,1989.5833333333333
72.7029812406,3.25,67.4134636006,63.9,85.0,95.5,104.1,58.0489,6.91,5.1,10.21,8.19,5.0,3.25,13.78,9.02,1989.6666666666667
72.9510204563,3.75,67.9869317378,64.21,85.3,94.9,103.5,57.9508,7.0,5.16,10.45,8.01,5.82,3.75,14.67,8.84,1989.75
73.1075155543,3.75,68.2503998751,64.47,85.8,95.8,104.0,58.0465,7.28,5.37,10.55,7.87,6.0,3.75,14.88,8.55,1989.8333333333333
73.4312900641,4.25,68.3388312476,64.67,87.2,96.2,104.2,58.0843,7.23,5.52,10.56,7.84,6.0,4.25,14.88,8.45,1989.9166666666667
73.5642662546,4.25,69.086774525,65.29,87.0,95.3,103.9,57.9992,7.57,6.45,10.89,8.21,6.0,4.25,14.88,8.23,1990.0
73.7249805403,4.25,69.3450126202,65.54,87.1,96.2,103.5,58.8302,8.42,6.78,11.33,8.47,6.0,4.25,14.88,8.24,1990.0833333333333
73.8298614927,5.25,69.6399650011,65.85,87.9,97.9,105.0,59.1021,8.74,6.9,12.42,8.59,6.0,5.25,14.88,8.28,1990.1666666666667
73.8008138736,5.25,70.3179650011,66.0,86.0,98.0,104.7,58.9481,8.64,6.91,12.74,8.79,6.0,5.25,14.88,8.26,1990.25
73.9977186355,5.25,70.9250483345,66.11,88.3,98.7,104.9,59.0509,8.66,6.51,12.41,8.76,6.0,5.25,14.88,8.18,1990.3333333333333
74.0717662546,5.25,71.3112626202,66.52,88.2,98.9,104.6,59.2116,8.77,6.42,11.8,8.48,6.0,5.25,14.88,8.29,1990.4166666666667
74.0770043498,5.25,71.4610840488,66.82,89.3,99.9,103.6,59.1345,8.54,6.77,11.84,8.47,6.0,5.25,14.88,8.15,1990.5
74.4405757784,6.0,72.141822144,67.39,89.6,100.5,104.0,59.283,8.85,7.62,12.15,8.75,6.0,6.0,14.88,8.13,1990.5833333333333
74.8029812406,6.0,72.8134636006,67.85,90.4,99.9,103.0,59.2875,9.01,8.03,12.1,8.89,6.0,6.0,14.88,8.2,1990.6666666666667
75.4510204563,6.0,73.4869317378,68.31,90.9,101.8,102.9,58.7884,9.02,7.6,11.74,8.72,6.0,6.0,14.09,8.11,1990.75
75.3075155543,6.0,73.6503998751,68.46,90.9,101.2,102.1,58.1217,8.92,7.08,11.37,8.39,6.0,6.0,13.88,7.81,1990.8333333333333
75.4312900641,6.0,73.5388312476,68.72,91.1,101.3,101.6,57.6795,8.82,6.45,10.84,8.08,6.0,6.0,13.88,7.31,1990.9166666666667
74.2642662546,6.0,73.986774525,68.97,88.0,102.0,101.7,57.2416,8.89,6.43,10.59,8.09,6.0,6.0,13.88,6.91,1991.0
74.4249805403,6.0,74.2450126202,69.02,87.0,102.2,99.6,56.8901,8.37,6.31,10.13,7.85,6.5,6.0,13.53,6.25,1991.0833333333333
74.4298614927,6.0,74.3399650011,69.02,86.4,101.2,99.2,56.5023,8.4,6.59,10.29,8.11,6.5,6.0,12.75,6.12,1991.1666666666667
74.8008138736,6.0,76.3179650011,69.18,85.6,101.6,98.3,56.6512,8.32,6.64,10.19,8.04,6.5,6.0,12.07,5.91,1991.25
74.8977186355,6.0,76.8250483345,69.43,84.4,102.6,99.0,57.0793,8.35,6.64,10.38,8.07,6.5,6.0,11.76,5.78,1991.3333333333333
75.3717662546,6.0,77.3112626202,69.64,87.9,99.5,97.7,57.7167,8.34,6.74,10.58,8.28,6.5,6.0,11.38,5.9,1991.4166666666667
76.0770043498,5.5,77.4610840488,69.74,85.4,101.8,97.7,57.8444,8.59,6.67,10.28,8.27,6.5,5.5,11.07,5.82,1991.5
76.3405757784,5.5,77.641822144,69.95,84.2,100.4,97.0,57.9887,8.54,6.41,10.03,7.9,7.0,5.5,10.88,5.66,1991.5833333333333
76.5029812406,5.5,78.0134636006,70.15,83.4,100.3,97.2,58.6053,8.41,6.08,9.64,7.65,7.5,5.5,10.42,5.45,1991.6666666666667
77.8510204563,5.5,78.4869317378,70.25,85.2,99.7,97.8,58.4806,8.31,5.89,9.72,7.53,7.5,5.5,10.38,5.21,1991.75
78.2075155543,5.0,78.8503998751,70.56,86.1,100.2,98.2,58.3419,8.28,5.93,9.77,7.42,7.5,5.0,10.38,4.81,1991.8333333333333
78.2312900641,4.5,78.8388312476,70.77,86.0,98.9,97.9,58.2778,8.2,5.72,9.66,7.09,7.63,4.5,10.38,4.43,1991.9166666666667
78.5642662546,4.5,79.086774525,70.82,87.1,98.1,97.9,57.8992,7.94,5.45,9.46,7.03,8.0,4.5,10.38,4.03,1992.0
78.7249805403,4.5,79.3450126202,70.97,88.5,97.7,98.4,58.4334,7.88,5.58,9.3,7.34,8.0,4.5,10.38,4.06,1992.0833333333333
79.0298614927,4.5,79.6399650011,71.23,86.0,96.3,98.5,59.0023,7.94,5.53,9.68,7.54,8.0,4.5,10.38,3.98,1992.1666666666667
79.4008138736,3.75,79.9179650011,71.38,85.9,95.8,98.7,59.3285,7.94,5.71,9.43,7.48,8.0,3.75,10.38,3.73,1992.25
79.6977186355,3.75,80.1250483345,71.53,85.2,93.6,97.0,59.6798,7.96,5.74,9.02,7.39,8.0,3.75,9.9,3.82,1992.3333333333333
79.8717662546,3.75,80.3112626202,71.74,83.9,95.7,99.1,59.8503,8.12,5.64,9.12,7.26,8.0,3.75,9.88,3.76,1992.4166666666667
79.9770043498,3.25,80.2610840488,71.94,82.4,95.3,99.1,60.3689,8.14,5.41,9.05,6.84,8.36,3.25,9.88,3.25,1992.5
80.0405757784,3.25,80.141822144,72.1,82.9,92.2,98.4,60.1186,7.99,5.11,9.35,6.59,8.75,3.25,9.88,3.3,1992.5833333333333
80.2029812406,3.25,80.4134636006,72.25,81.9,96.2,98.4,60.1338,7.65,5.02,9.19,6.42,8.48,3.25,9.56,3.22,1992.6666666666667
80.5510204563,3.25,80.6869317378,72.56,81.8,93.0,99.0,60.5181,7.38,5.02,8.65,6.59,8.25,3.25,8.38,3.1,1992.75
80.8075155543,3.25,80.8503998751,72.76,80.6,91.7,98.0,60.7502,7.31,4.87,8.19,6.87,8.25,3.25,7.3,3.09,1992.8333333333333
80.9312900641,3.25,80.8388312476,72.87,79.4,91.0,98.0,60.6337,7.29,4.85,8.32,6.77,8.25,3.25,6.88,2.92,1992.9166666666667
82.0642662546,3.25,80.886774525,73.12,78.5,92.7,99.1,61.2616,7.16,4.72,8.29,6.6,8.25,3.25,6.68,3.02,1993.0
82.5249805403,2.5,81.2450126202,73.28,77.2,93.8,100.4,61.3627,6.93,4.41,7.95,6.26,8.05,2.5,5.88,3.03,1993.0833333333333
82.6298614927,2.5,81.5399650011,73.38,77.3,90.0,100.0,61.2451,6.63,4.32,7.72,5.98,7.8,2.5,5.88,3.07,1993.1666666666667
83.0008138736,2.5,81.9179650011,73.63,76.7,91.6,100.1,61.579,6.66,4.59,7.89,5.97,7.43,2.5,5.88,2.96,1993.25
82.9977186355,2.5,82.1250483345,73.84,76.8,92.9,100.2,61.5337,6.8,4.94,8.15,6.04,7.25,2.5,5.88,3.0,1993.3333333333333
83.3717662546,2.5,82.2112626202,73.89,76.2,91.3,98.7,61.4636,6.79,4.84,7.96,5.96,7.25,2.5,5.88,3.04,1993.4166666666667
83.5770043498,2.5,82.2610840488,73.99,74.7,91.8,99.7,61.6227,6.61,4.52,7.62,5.81,6.77,2.5,5.88,3.06,1993.5
83.7405757784,2.5,82.441822144,74.15,77.9,90.9,99.3,61.5452,6.39,4.41,7.07,5.68,6.75,2.5,5.88,3.03,1993.5833333333333
83.8029812406,1.75,82.8134636006,74.25,77.1,90.9,99.8,61.9412,6.12,4.02,6.96,5.36,6.41,1.75,5.88,3.09,1993.6666666666667
84.0510204563,1.75,82.7869317378,74.56,77.5,89.6,99.2,62.449,5.94,3.93,6.87,5.33,6.11,1.75,5.88,2.99,1993.75
84.2075155543,1.75,82.6503998751,74.76,76.9,89.6,100.0,62.7124,5.86,3.76,6.85,5.72,5.75,1.75,5.74,3.02,1993.8333333333333
84.2312900641,1.75,82.8388312476,74.91,77.7,88.8,101.1,63.0473,5.83,3.4,6.43,5.77,5.75,1.75,5.38,2.96,1993.9166666666667
84.7642662546,1.75,82.986774525,74.91,77.5,87.8,101.9,63.1692,5.77,3.6,6.38,5.75,5.75,1.75,5.38,3.05,1994.0
84.9249805403,1.75,83.2450126202,75.12,78.7,89.3,101.9,63.2473,5.97,4.04,6.76,5.97,5.58,1.75,5.19,3.25,1994.0833333333333
85.1298614927,1.75,83.3399650011,75.32,78.2,90.2,102.6,64.0938,6.29,4.45,7.42,6.48,5.25,1.75,5.13,3.34,1994.1666666666667
85.3008138736,1.75,83.6179650011,75.37,79.1,91.2,103.5,64.6055,6.43,4.09,7.84,6.97,5.11,1.75,5.13,3.56,1994.25
85.3977186355,1.75,83.7250483345,75.53,78.9,90.8,104.8,65.0434,6.63,3.98,8.28,7.18,4.7,1.75,5.13,4.01,1994.3333333333333
85.5717662546,1.75,83.8112626202,75.73,79.2,92.0,103.7,65.2372,7.05,4.28,8.71,7.1,4.5,1.75,5.13,4.25,1994.4166666666667
85.7770043498,1.75,83.6610840488,75.99,79.0,92.7,104.7,65.5056,6.9,4.53,8.53,7.3,4.5,1.75,5.13,4.26,1994.5
86.1405757784,1.75,84.041822144,76.3,79.2,93.5,104.9,66.0179,7.1,4.78,8.65,7.24,4.5,1.75,5.13,4.47,1994.5833333333333
86.1029812406,1.75,84.1134636006,76.45,79.9,93.0,105.6,66.2411,7.53,4.64,8.9,7.46,4.5,1.75,5.47,4.73,1994.6666666666667
86.1510204563,1.75,83.9869317378,76.5,81.7,93.8,106.2,66.89,7.57,4.68,8.78,7.74,4.5,1.75,5.63,4.76,1994.75
86.3075155543,1.75,84.1503998751,76.71,81.9,94.5,106.8,67.4036,7.5,4.72,8.64,7.96,4.5,1.75,5.63,5.29,1994.8333333333333
86.3312900641,1.75,84.5388312476,76.86,82.1,95.2,107.3,68.1716,7.45,4.56,8.58,7.81,4.5,1.75,6.03,5.45,1994.9166666666667
86.4642662546,1.75,84.986774525,77.06,80.7,92.6,104.9,68.3691,7.58,4.61,8.73,7.78,4.5,1.75,6.13,5.53,1995.0
86.7249805403,1.75,85.2450126202,77.27,81.7,94.6,105.6,68.2779,7.4,4.52,8.66,7.47,4.5,1.75,6.6,5.92,1995.0833333333333
86.8298614927,1.75,85.5399650011,77.42,80.8,95.5,104.8,68.451,7.26,4.11,8.59,7.2,4.48,1.75,6.63,5.98,1995.1666666666667
86.8008138736,1.0,85.5179650011,77.73,81.1,96.7,105.9,68.3335,7.07,3.55,8.44,7.06,4.0,1.0,6.63,6.05,1995.25
86.9977186355,1.0,85.8250483345,77.88,81.6,94.9,106.1,68.389,6.85,3.39,8.18,6.63,4.0,1.0,6.63,6.01,1995.3333333333333
87.0717662546,1.0,86.0112626202,78.04,80.8,95.1,106.3,68.7033,6.7,3.02,8.11,6.17,4.0,1.0,6.63,6.0,1995.4166666666665
87.0770043498,1.0,85.8610840488,78.14,80.6,93.6,106.4,68.2868,6.79,2.93,8.26,6.28,4.0,1.0,6.63,5.85,1995.5
87.2405757784,1.0,86.241822144,78.29,79.5,94.4,106.6,69.0786,6.71,3.22,8.12,6.49,3.89,1.0,6.63,5.74,1995.5833333333333
87.5029812406,0.5,86.6134636006,78.4,81.0,93.6,106.3,69.6767,6.56,3.03,7.95,6.2,3.5,0.5,6.63,5.8,1995.6666666666665
87.4510204563,0.5,86.4869317378,78.6,79.1,94.8,106.9,69.5991,6.54,2.93,8.1,6.04,3.5,0.5,6.63,5.76,1995.75
87.6075155543,0.5,86.5503998751,78.7,79.6,95.5,106.7,69.6319,6.32,3.05,7.78,5.93,3.5,0.5,6.63,5.8,1995.8333333333333
87.6312900641,0.5,87.0388312476,78.81,79.7,96.7,106.4,69.861,6.07,2.98,7.49,5.71,3.26,0.5,6.48,5.6,1995.9166666666665
87.6642662546,0.5,87.286774525,79.21,80.0,95.1,106.9,69.3176,5.9,3.12,7.44,5.65,3.0,0.5,6.26,5.56,1996.0
87.8249805403,0.5,87.5450126202,79.37,79.4,95.2,106.9,70.4167,6.18,3.27,7.76,5.81,3.0,0.5,6.13,5.22,1996.0833333333333
88.0298614927,0.5,87.7399650011,79.62,79.6,95.0,107.1,70.2764,6.44,3.3,8.06,6.27,3.0,0.5,5.98,5.31,1996.1666666666665
88.2008138736,0.5,87.7179650011,79.93,79.5,95.2,106.1,71.0656,6.39,3.3,8.06,6.51,2.8,0.5,5.94,5.22,1996.25
88.2977186355,0.5,87.9250483345,80.09,80.1,96.0,105.8,71.5834,6.45,3.39,8.09,6.74,2.5,0.5,5.94,5.24,1996.3333333333333
88.3717662546,0.5,88.1112626202,80.24,80.5,96.0,106.3,72.3851,6.57,3.25,8.05,6.91,2.5,0.5,5.73,5.27,1996.4166666666665
88.3770043498,0.5,87.8610840488,80.39,79.7,96.7,105.9,72.6118,6.48,3.29,7.92,6.87,2.5,0.5,5.69,5.4,1996.5
88.4405757784,0.5,88.241822144,80.49,80.8,97.0,106.8,73.0569,6.3,3.21,7.82,6.64,2.5,0.5,5.69,5.22,1996.5833333333333
88.6029812406,0.5,88.6134636006,80.75,81.4,98.2,107.3,73.5292,6.23,2.93,7.82,6.83,2.5,0.5,5.69,5.3,1996.6666666666665
88.8510204563,0.5,88.6869317378,81.01,80.2,98.6,107.6,73.4654,6.0,2.8,7.54,6.53,2.5,0.5,5.71,5.24,1996.75
88.9075155543,0.5,88.7503998751,81.26,81.5,98.9,107.8,74.0353,5.86,2.76,7.6,6.2,2.5,0.5,5.94,5.31,1996.8333333333333
88.9312900641,0.5,89.0388312476,81.47,81.3,99.9,108.2,74.6655,5.79,2.6,7.57,6.3,2.5,0.5,5.94,5.29,1996.9166666666665
89.4642662546,0.5,89.086774525,81.62,80.4,101.2,108.6,74.6999,5.79,2.63,7.56,6.58,2.5,0.5,5.94,5.25,1997.0
89.5249805403,0.5,89.1450126202,81.78,81.5,101.4,109.5,75.7433,5.58,2.58,7.2,6.42,2.5,0.5,5.94,5.19,1997.0833333333333
89.4298614927,0.5,89.2399650011,81.83,82.6,102.0,108.1,76.6292,5.76,2.52,7.45,6.69,2.5,0.5,5.94,5.39,1997.1666666666665
89.4008138736,0.5,89.1179650011,81.88,82.1,99.4,108.8,76.4744,5.9,2.38,7.64,6.89,2.5,0.5,5.94,5.51,1997.25
89.6977186355,0.5,89.2250483345,81.88,81.3,102.2,107.8,77.1534,5.8,2.74,7.17,6.71,2.5,0.5,6.22,5.5,1997.3333333333333
89.7717662546,0.5,89.5112626202,82.03,84.0,101.6,108.2,77.6678,5.75,2.68,7.14,6.49,2.5,0.5,6.45,5.56,1997.4166666666665
90.1770043498,0.5,89.5610840488,82.13,85.2,102.1,109.8,78.0448,5.56,2.51,7.06,6.22,2.5,0.5,6.67,5.52,1997.5
90.4405757784,0.5,89.941822144,82.34,82.4,101.6,107.8,79.323,5.66,2.35,7.09,6.3,2.5,0.5,6.95,5.54,1997.5833333333333
90.5029812406,0.5,90.2134636006,82.54,83.3,100.8,108.5,79.9981,5.6,2.21,6.82,6.21,2.5,0.5,7.0,5.54,1997.6666666666665
90.5510204563,0.5,90.2869317378,82.7,84.4,100.0,109.0,80.4792,5.57,1.99,6.51,6.03,2.5,0.5,7.0,5.5,1997.75
90.7075155543,0.5,90.4503998751,82.8,84.7,98.7,109.8,81.37,5.56,1.94,6.62,5.88,2.5,0.5,7.21,5.52,1997.8333333333333
90.8312900641,0.5,90.5388312476,82.85,85.7,97.8,109.2,81.7369,5.32,1.94,6.37,5.81,2.5,0.5,7.25,5.5,1997.9166666666665
90.4642662546,0.5,90.386774525,82.95,86.7,99.3,109.6,82.3944,5.12,1.95,6.1,5.54,2.5,0.5,7.25,5.56,1998.0
90.5249805403,0.5,90.6450126202,82.95,86.5,96.7,110.6,82.4376,4.99,2.0,6.05,5.57,2.5,0.5,7.25,5.51,1998.0833333333333
90.5298614927,0.5,90.7399650011,82.95,87.6,94.6,110.9,82.3448,4.9,1.86,5.99,5.65,2.5,0.5,7.25,5.49,1998.1666666666665
90.6008138736,0.5,90.7179650011,83.06,86.9,94.2,110.5,82.7441,4.9,1.87,5.82,5.64,2.5,0.5,7.25,5.45,1998.25
90.9977186355,0.5,91.1250483345,83.26,87.4,93.3,109.8,83.2256,4.96,1.66,5.86,5.65,2.5,0.5,7.25,5.49,1998.3333333333333
90.9717662546,0.5,91.0112626202,83.36,86.7,93.4,110.2,82.6493,4.8,1.54,5.77,5.5,2.5,0.5,7.47,5.56,1998.4166666666665
91.0770043498,0.5,90.8610840488,83.57,88.5,93.2,110.5,82.2471,4.69,1.68,5.83,5.46,2.5,0.5,7.5,5.54,1998.5
91.0405757784,0.5,91.141822144,83.67,86.6,91.2,109.0,84.3365,4.42,1.5,5.57,5.34,2.5,0.5,7.5,5.55,1998.5833333333333
91.1029812406,0.5,91.5134636006,83.72,85.9,92.6,109.1,84.0371,4.05,1.1,5.15,4.81,2.5,0.5,7.5,5.51,1998.6666666666665
91.1510204563,0.5,91.5869317378,83.93,86.5,92.0,108.9,84.8381,4.03,0.88,5.01,4.53,2.5,0.5,7.31,5.07,1998.75
91.2075155543,0.5,91.7503998751,84.03,85.2,91.7,108.2,84.9672,4.1,0.98,4.93,4.83,2.5,0.5,6.82,4.83,1998.8333333333333
91.2312900641,0.5,91.9388312476,84.18,85.7,91.6,108.6,85.417,3.87,1.49,4.52,4.65,2.5,0.5,6.42,4.68,1998.9166666666665
90.6642662546,0.5,91.886774525,84.34,87.1,92.5,108.8,85.6465,3.72,1.91,4.29,4.72,3.0,0.5,6.04,4.63,1999.0
90.6249805403,0.5,91.8450126202,84.34,85.5,92.5,108.4,86.2662,3.83,2.12,4.43,5.0,3.0,0.5,5.58,4.76,1999.0833333333333
90.9298614927,0.5,92.2399650011,84.39,86.0,94.1,109.5,86.2392,4.02,1.82,4.66,5.23,3.0,0.5,5.5,4.81,1999.1666666666665
91.5008138736,0.5,92.1179650011,84.95,86.5,92.3,108.3,86.5511,3.87,1.56,4.59,5.18,2.5,0.5,5.29,4.74,1999.25
91.3977186355,0.5,92.3250483345,85.0,87.2,93.9,109.1,87.361,4.04,1.33,4.91,5.54,2.5,0.5,5.25,4.74,1999.3333333333333
91.3717662546,0.5,92.3112626202,85.0,87.2,93.1,110.1,87.076,4.34,1.63,5.17,5.9,2.5,0.5,5.08,4.76,1999.4166666666665
91.5770043498,0.5,92.0610840488,85.36,87.8,93.8,110.1,87.4849,4.66,1.7,5.37,5.79,2.5,0.5,5.0,4.99,1999.5
91.5405757784,0.5,92.241822144,85.56,88.7,94.4,112.0,88.0599,4.89,1.88,5.43,5.94,2.5,0.5,5.0,5.07,1999.5833333333333
91.5029812406,0.5,92.6134636006,85.92,88.4,95.1,113.1,87.8175,5.05,1.76,5.69,5.92,2.5,0.5,5.19,5.22,1999.6666666666665
91.6510204563,0.5,92.5869317378,86.08,89.3,95.2,112.0,89.1002,5.31,1.69,5.88,6.11,2.5,0.5,5.25,5.2,1999.75
91.9075155543,0.5,92.7503998751,86.23,89.4,96.4,112.9,89.6723,5.05,1.82,5.31,6.03,3.0,0.5,5.47,5.42,1999.8333333333333
92.0312900641,0.5,93.0388312476,86.43,89.6,96.2,111.8,90.3004,5.17,1.77,5.39,6.28,3.0,0.5,5.5,5.3,1999.9166666666665
92.1642662546,0.5,92.586774525,86.69,88.8,96.3,111.5,90.4922,5.54,1.69,5.82,6.66,3.0,0.5,5.66,5.45,2000.0
92.2249805403,0.5,92.7450126202,87.05,90.9,95.7,113.3,90.7317,5.51,1.8,5.63,6.52,3.25,0.5,5.92,5.73,2000.0833333333333
92.4298614927,0.5,92.8399650011,87.56,91.1,97.4,113.4,91.3241,5.33,1.82,5.37,6.26,3.5,0.5,6.0,5.85,2000.1666666666665
92.3008138736,0.5,92.6179650011,87.51,92.2,99.1,112.5,91.8809,5.23,1.74,5.32,5.99,3.75,0.5,6.0,6.02,2000.25
92.2977186355,0.5,92.8250483345,87.66,94.3,98.4,113.4,91.699,5.36,1.71,5.4,6.44,3.75,0.5,6.0,6.27,2000.3333333333333
92.5717662546,0.5,93.0112626202,88.18,92.2,99.8,113.6,91.8724,5.16,1.66,5.21,6.1,4.25,0.5,6.0,6.53,2000.4166666666665
92.6770043498,0.5,92.8610840488,88.43,93.9,99.4,112.3,91.8598,5.26,1.69,5.24,6.05,4.25,0.5,6.0,6.54,2000.5
92.6405757784,0.5,92.741822144,88.43,94.8,100.8,113.9,91.2908,5.2,1.75,5.33,5.83,4.25,0.5,6.0,6.5,2000.5833333333333
93.1029812406,0.5,93.5134636006,88.89,95.0,98.7,112.7,91.7435,5.26,1.88,5.39,5.8,4.5,0.5,6.0,6.52,2000.6666666666665
93.2510204563,0.5,93.4869317378,89.05,94.6,100.2,113.5,91.3509,5.22,1.82,5.22,5.74,4.75,0.5,6.0,6.51,2000.75
93.4075155543,0.5,93.7503998751,89.2,95.2,100.7,114.3,91.0457,5.17,1.76,5.1,5.72,4.75,0.5,6.0,6.51,2000.8333333333333
93.6312900641,0.5,93.7388312476,89.4,96.0,101.8,114.2,90.4807,4.91,1.62,4.91,5.24,4.75,0.5,6.0,6.4,2000.9166666666665
93.4642662546,0.5,93.386774525,89.92,95.7,97.5,113.7,89.9085,4.8,1.51,4.85,5.16,4.75,0.5,6.0,5.98,2001.0
93.9249805403,0.35,93.4450126202,90.12,96.7,98.6,113.3,89.3574,4.79,1.42,4.82,5.1,4.75,0.35,5.81,5.49,2001.0833333333333
94.0298614927,0.25,93.6399650011,90.17,95.5,97.0,113.1,89.0659,4.7,1.17,4.7,4.89,4.75,0.25,5.75,5.31,2001.1666666666665
94.3008138736,0.25,93.7179650011,90.33,93.6,96.3,111.2,88.8516,4.86,1.32,4.95,5.14,4.75,0.25,5.54,4.8,2001.25
94.7977186355,0.25,94.3250483345,90.79,94.6,94.1,111.4,88.145,5.06,1.25,5.12,5.39,4.5,0.25,5.32,4.21,2001.3333333333333
94.8717662546,0.25,94.6112626202,90.99,95.0,93.0,112.1,87.5491,5.03,1.15,5.2,5.28,4.5,0.25,5.25,3.97,2001.4166666666665
94.7770043498,0.25,94.2610840488,90.84,92.3,91.5,110.8,87.2407,5.02,1.31,5.2,5.24,4.5,0.25,5.25,3.77,2001.5
94.8405757784,0.25,94.441822144,90.84,94.6,90.5,112.7,86.7274,4.84,1.34,4.99,4.97,4.25,0.25,5.01,3.65,2001.5833333333333
95.0029812406,0.1,94.7134636006,91.2,93.5,88.6,110.6,86.5454,4.83,1.35,4.99,4.73,3.75,0.1,4.89,3.07,2001.6666666666665
94.9510204563,0.1,94.6869317378,90.94,91.7,88.5,110.1,85.9791,4.62,1.36,4.83,4.57,3.75,0.1,4.53,2.49,2001.75
94.9075155543,0.1,94.5503998751,90.89,90.8,87.0,109.1,85.7178,4.48,1.33,4.63,4.65,3.25,0.1,4.11,2.09,2001.8333333333333
95.1312900641,0.1,94.7388312476,90.84,91.4,87.8,109.1,85.9637,4.79,1.33,4.89,5.09,3.25,0.1,4.0,1.82,2001.9166666666665
95.3642662546,0.1,94.886774525,90.99,91.7,87.3,108.8,86.3836,4.86,1.42,4.92,5.04,3.25,0.1,4.0,1.73,2002.0
95.6249805403,0.1,94.8450126202,91.15,92.0,88.5,109.8,86.3434,4.93,1.5,4.93,4.91,3.25,0.1,4.0,1.74,2002.0833333333333
95.8298614927,0.1,95.1399650011,91.4,92.5,89.4,109.9,86.9839,5.19,1.42,5.22,5.28,3.25,0.1,4.0,1.73,2002.1666666666665
95.9008138736,0.1,95.0179650011,91.81,92.4,89.0,109.9,87.0896,5.16,1.39,5.23,5.21,3.25,0.1,4.0,1.75,2002.25
95.7977186355,0.1,95.1250483345,91.91,91.4,92.7,110.2,87.7081,5.17,1.37,5.27,5.16,3.25,0.1,4.0,1.75,2002.3333333333333
95.7717662546,0.1,95.2112626202,91.97,93.8,91.7,104.0,88.6859,5.02,1.33,5.1,4.93,3.25,0.1,4.0,1.75,2002.4166666666665
95.9770043498,0.1,95.2610840488,92.17,92.2,92.3,108.7,88.2678,4.86,1.3,5.0,4.65,3.25,0.1,4.0,1.73,2002.5
95.9405757784,0.1,95.441822144,92.43,94.3,92.6,109.7,88.5929,4.59,1.26,4.75,4.26,3.25,0.1,4.0,1.74,2002.5833333333333
96.0029812406,0.1,95.6134636006,92.58,93.4,93.4,108.9,88.6675,4.38,1.13,4.5,3.87,3.25,0.1,4.0,1.75,2002.6666666666665
96.0510204563,0.1,95.8869317378,92.78,92.1,93.4,107.9,88.2766,4.48,1.1,4.62,3.94,3.25,0.1,4.0,1.75,2002.75
95.9075155543,0.1,95.9503998751,92.94,94.1,93.0,107.7,88.6886,4.49,0.98,4.64,4.05,3.25,0.1,4.0,1.34,2002.8333333333333
96.1312900641,0.1,96.3388312476,93.09,92.4,92.9,107.1,88.2109,4.33,0.98,4.56,4.03,2.75,0.1,4.0,1.24,2002.9166666666665
96.5642662546,0.1,96.186774525,93.5,93.2,93.4,107.2,88.7419,4.17,0.84,4.39,4.05,2.75,0.1,4.0,1.24,2003.0
96.7249805403,0.1,96.3450126202,94.01,93.2,93.0,107.5,88.9533,3.96,0.83,4.21,3.9,2.75,0.1,3.79,1.26,2003.0833333333333
97.0298614927,0.1,96.5399650011,94.17,93.3,93.6,107.6,89.136,4.03,0.72,4.32,3.81,2.5,0.1,3.75,1.25,2003.1666666666665
96.6008138736,0.1,96.4179650011,93.81,92.6,92.3,107.9,88.2788,4.15,0.66,4.47,3.96,2.5,0.1,3.75,1.26,2003.25
96.4977186355,0.1,96.3250483345,93.65,91.9,93.7,107.3,88.3261,3.84,0.58,4.22,3.57,2.5,0.1,3.75,1.26,2003.3333333333333
96.7717662546,0.1,96.2112626202,93.76,91.4,93.0,108.1,88.6995,3.65,0.53,4.11,3.33,2.0,0.1,3.75,1.22,2003.4166666666665
96.7770043498,0.1,96.5610840488,94.06,93.7,93.5,108.8,88.7363,3.95,0.96,4.41,3.98,2.0,0.1,3.58,1.01,2003.5
96.9405757784,0.1,96.741822144,94.47,91.4,92.3,108.3,88.4325,4.15,1.41,4.6,4.45,2.0,0.1,3.5,1.03,2003.5833333333333
97.0029812406,0.1,97.0134636006,94.78,91.3,95.1,108.6,89.0834,4.19,1.42,4.71,4.27,2.0,0.1,3.5,1.01,2003.6666666666665
97.2510204563,0.1,97.1869317378,94.68,93.7,96.7,109.0,89.018,4.25,1.44,4.91,4.29,2.0,0.1,3.5,1.01,2003.75
97.1075155543,0.1,97.2503998751,94.73,94.8,96.5,109.1,89.9053,4.38,1.33,5.07,4.3,2.0,0.1,3.71,1.0,2003.8333333333333
97.1312900641,0.1,97.5388312476,94.99,95.0,96.4,110.4,89.7407,4.29,1.33,4.9,4.27,2.0,0.1,3.75,0.98,2003.9166666666665
97.7642662546,0.1,97.486774525,95.4,94.4,97.9,110.1,89.7785,4.18,1.33,4.79,4.15,2.0,0.1,3.75,1.0,2004.0
97.7249805403,0.1,97.5450126202,95.6,95.1,97.7,109.6,90.437,4.12,1.21,4.81,4.08,2.0,0.1,3.96,1.01,2004.0833333333333
97.9298614927,0.1,97.6399650011,95.81,94.6,97.1,111.6,90.204,3.93,1.42,4.71,3.83,2.0,0.1,4.0,1.0,2004.1666666666665
98.3008138736,0.1,97.5179650011,95.96,95.8,98.9,110.6,90.6017,4.12,1.52,4.96,4.35,2.0,0.1,4.0,1.0,2004.25
98.4977186355,0.1,97.7250483345,96.37,96.8,98.9,111.5,91.2495,4.28,1.51,5.11,4.72,2.0,0.1,4.22,1.0,2004.3333333333333
98.4717662546,0.1,97.8112626202,96.73,96.3,99.1,111.3,90.4969,4.33,1.81,5.2,4.73,2.0,0.1,4.42,1.03,2004.4166666666665
98.5770043498,0.1,97.8610840488,96.83,97.4,100.4,109.2,91.2588,4.25,1.81,5.11,4.5,2.0,0.1,4.5,1.26,2004.5
98.8405757784,0.1,98.041822144,96.88,96.6,99.3,109.2,91.8624,4.09,1.59,5.01,4.28,2.0,0.1,4.71,1.43,2004.5833333333333
98.9029812406,0.1,98.1134636006,97.19,96.3,99.5,110.5,91.7578,4.04,1.39,4.91,4.13,2.0,0.1,4.75,1.61,2004.6666666666665
99.0510204563,0.1,98.3869317378,97.7,97.3,98.0,110.5,92.7272,3.91,1.48,4.77,4.1,2.0,0.1,4.75,1.76,2004.75
98.9075155543,0.1,98.6503998751,98.16,95.5,98.9,111.6,92.6625,3.8,1.45,4.69,4.19,2.0,0.1,4.75,1.93,2004.8333333333333
99.2312900641,0.1,99.1388312476,98.16,95.4,97.6,111.7,93.2685,3.64,1.4,4.53,4.23,2.0,0.1,4.75,2.16,2004.9166666666665
99.1642662546,0.1,99.086774525,98.11,98.2,99.8,110.7,94.0024,3.58,1.31,4.54,4.22,2.0,0.1,4.75,2.28,2005.0
99.2249805403,0.1,99.1450126202,98.52,96.6,99.7,111.5,94.759,3.57,1.42,4.59,4.17,2.0,0.1,4.75,2.5,2005.0833333333333
99.6298614927,0.1,99.5399650011,98.88,97.9,99.9,108.7,94.3265,3.71,1.33,4.8,4.5,2.0,0.1,4.75,2.63,2005.1666666666665
99.6008138736,0.1,99.4179650011,99.18,98.6,100.5,110.9,94.5461,3.5,1.26,4.62,4.34,2.0,0.1,4.75,2.79,2005.25
99.5977186355,0.1,99.6250483345,99.13,97.6,99.8,111.1,94.9202,3.32,1.24,4.42,4.14,2.0,0.1,4.75,3.0,2005.3333333333333
99.7717662546,0.1,99.7112626202,99.18,99.6,100.1,111.1,95.0524,3.19,1.14,4.28,4.0,2.0,0.1,4.75,3.04,2005.4166666666665
99.9770043498,0.1,100.1610840488,99.8,101.0,99.3,110.9,94.9336,3.23,1.3,4.3,4.18,2.0,0.1,4.75,3.26,2005.5
100.2405757784,0.1,100.341822144,100.41,98.3,99.4,110.6,95.1843,3.25,1.37,4.32,4.26,2.0,0.1,4.53,3.5,2005.5833333333333
100.6029812406,0.1,100.5134636006,101.8,101.0,100.3,109.5,94.1729,3.09,1.45,4.21,4.2,2.0,0.1,4.5,3.62,2005.6666666666665
100.7510204563,0.1,100.6869317378,101.95,102.9,99.8,109.5,95.5801,3.26,1.51,4.35,4.46,2.0,0.1,4.5,3.78,2005.75
100.6075155543,0.1,100.7503998751,101.44,101.8,101.4,110.5,96.2667,3.46,1.45,4.31,4.54,2.0,0.1,4.5,4.0,2005.8333333333333
100.7312900641,0.1,101.0388312476,101.44,101.6,101.7,111.3,96.3502,3.37,1.49,4.22,4.47,2.25,0.1,4.5,4.16,2005.9166666666665
100.9642662546,0.1,100.986774525,102.05,102.0,102.0,110.9,97.1741,3.34,1.55,4.08,4.42,2.25,0.1,4.5,4.29,2006.0
101.1249805403,0.1,101.2450126202,102.1,102.6,101.9,111.1,97.0522,3.48,1.6,4.15,4.57,2.25,0.1,4.5,4.49,2006.0833333333333
101.0298614927,0.1,101.3399650011,102.26,101.7,102.5,111.5,96.9116,3.66,1.76,4.32,4.72,2.5,0.1,4.5,4.59,2006.1666666666665
101.4008138736,0.1,101.4179650011,102.77,104.1,104.6,111.8,97.5053,3.92,1.96,4.52,4.99,2.5,0.1,4.5,4.79,2006.25
101.4977186355,0.1,101.8250483345,103.08,105.7,102.9,112.2,97.0632,3.97,1.85,4.65,5.11,2.5,0.1,4.5,4.94,2006.3333333333333
101.5717662546,0.1,102.2112626202,103.33,105.0,104.3,112.8,97.3553,3.99,1.9,4.66,5.11,2.75,0.1,4.5,4.99,2006.4166666666665
101.6770043498,0.4,102.5610840488,103.9,106.8,104.7,112.5,97.236,4.02,1.93,4.66,5.09,2.75,0.4,4.5,5.24,2006.5
101.7405757784,0.4,102.841822144,104.36,107.6,105.1,113.0,97.5864,3.88,1.67,4.65,4.88,3.0,0.4,4.73,5.25,2006.5833333333333
101.6029812406,0.4,102.9134636006,103.84,107.5,105.1,113.0,97.6435,3.76,1.63,4.55,4.72,3.0,0.4,4.75,5.25,2006.6666666666665
101.8510204563,0.4,103.1869317378,103.38,107.2,105.9,113.7,97.2456,3.79,1.72,4.62,4.73,3.25,0.4,4.75,5.25,2006.75
102.0075155543,0.4,103.4503998751,103.44,109.2,106.3,113.8,97.2707,3.72,1.69,4.55,4.6,3.25,0.4,4.93,5.25,2006.8333333333333
102.2312900641,0.4,104.0388312476,104.0,110.2,106.6,114.1,98.7786,3.8,1.65,4.62,4.56,3.5,0.4,5.0,5.24,2006.9166666666665
102.7642662546,0.4,103.686774525,104.17,110.4,105.4,114.1,98.3225,4.02,1.71,4.87,4.76,3.5,0.4,5.17,5.25,2007.0
102.9249805403,0.75,104.0450126202,104.57,110.9,106.0,112.7,98.8771,4.05,1.64,4.9,4.72,3.5,0.75,5.25,5.26,2007.0833333333333
103.0298614927,0.75,104.4399650011,105.12,111.2,105.9,113.1,99.5025,3.95,1.63,4.82,4.56,3.75,0.75,5.25,5.26,2007.1666666666665
103.4008138736,0.75,104.2179650011,105.43,110.3,105.6,113.0,100.2493,4.15,1.65,5.04,4.69,3.75,0.75,5.25,5.25,2007.25
103.4977186355,0.75,104.4250483345,105.87,112.3,106.9,114.0,100.0317,4.28,1.73,5.15,4.75,3.75,0.75,5.43,5.25,2007.3333333333333
103.5717662546,0.75,104.7112626202,106.12,112.2,106.9,113.7,100.3064,4.58,1.9,5.43,5.1,4.0,0.75,5.5,5.25,2007.4166666666665
103.8770043498,0.75,104.4610840488,106.3,113.2,107.0,113.4,100.531,4.51,1.81,5.41,5.0,4.0,0.75,5.72,5.26,2007.5
103.8405757784,0.75,104.641822144,106.34,113.4,109.7,113.9,100.0717,4.3,1.58,5.15,4.67,4.0,0.75,5.75,5.02,2007.5833333333333
104.3029812406,0.75,104.7134636006,106.79,114.4,108.0,113.2,100.6083,4.24,1.7,4.99,4.52,4.0,0.75,5.75,4.94,2007.6666666666665
104.6510204563,0.75,105.2869317378,107.12,114.6,110.0,113.3,100.1472,4.29,1.62,4.96,4.53,4.0,0.75,5.75,4.76,2007.75
105.4075155543,0.75,105.6503998751,107.96,114.3,108.4,114.1,100.5453,4.1,1.5,4.73,4.15,4.0,0.75,5.75,4.49,2007.8333333333333
105.4312900641,0.75,106.2388312476,108.27,115.5,109.2,114.0,100.8071,4.27,1.53,4.69,4.1,4.0,0.75,5.54,4.24,2007.9166666666665
105.7642662546,0.75,105.986774525,108.66,117.0,109.4,114.9,100.3714,4.04,1.43,4.49,3.74,4.0,0.75,5.5,3.94,2008.0
105.8249805403,0.75,106.6450126202,108.87,116.8,110.1,114.8,99.9459,3.96,1.43,4.62,3.74,4.0,0.75,5.3,2.98,2008.0833333333333
106.1298614927,0.75,106.9399650011,109.29,116.1,108.8,113.2,99.5409,3.8,1.25,4.44,3.51,4.0,0.75,5.25,2.61,2008.1666666666665
106.1008138736,0.75,107.3179650011,109.56,116.5,108.1,113.0,98.418,4.05,1.6,4.64,3.68,4.0,0.75,5.08,2.28,2008.25
106.5977186355,0.75,107.9250483345,110.2,114.1,109.3,112.7,97.8588,4.2,1.78,4.87,3.88,4.0,0.75,5.0,1.98,2008.3333333333333
106.9717662546,0.75,108.7112626202,111.36,115.4,107.2,111.7,97.264,4.53,1.6,5.21,4.1,4.0,0.75,5.0,2.0,2008.4166666666665
107.2770043498,0.75,109.0610840488,112.19,113.7,106.8,111.5,96.1837,4.5,1.54,5.05,4.01,4.25,0.75,5.0,2.01,2008.5
107.0405757784,0.75,109.641822144,112.01,115.8,103.5,111.6,94.851,4.21,1.43,4.73,3.89,4.25,0.75,5.0,2.0,2008.5833333333333
107.3029812406,0.75,110.2134636006,112.07,113.0,103.6,110.0,91.6461,4.1,1.48,4.57,3.69,4.25,0.75,5.0,1.81,2008.6666666666665
107.1510204563,0.5,109.9869317378,111.1,110.7,100.1,108.3,91.0289,3.89,1.49,4.58,3.81,3.75,0.5,4.61,0.97,2008.75
106.8075155543,0.5,109.9503998751,109.11,106.0,93.1,104.7,88.9353,3.54,1.38,4.26,3.53,3.25,0.5,3.23,0.39,2008.8333333333333
106.6312900641,0.3,109.5388312476,108.25,101.9,85.3,102.6,86.039,3.04,1.21,3.62,2.42,2.5,0.3,2.14,0.16,2008.9166666666665
106.7642662546,0.3,109.186774525,108.54,93.4,78.0,100.1,83.5625,3.08,1.27,3.67,2.52,2.0,0.3,1.6,0.15,2009.0
106.9249805403,0.3,109.9450126202,108.98,90.5,71.3,99.6,83.532,3.15,1.28,3.69,2.87,2.0,0.3,1.08,0.22,2009.0833333333333
106.6298614927,0.3,110.0399650011,108.84,91.0,72.9,99.6,81.8189,3.06,1.32,3.25,2.82,1.5,0.3,0.57,0.18,2009.1666666666665
106.6008138736,0.3,109.8179650011,108.92,88.6,76.2,100.7,81.1824,3.18,1.4,3.41,2.93,1.25,0.3,0.5,0.15,2009.25
106.6977186355,0.3,110.3250483345,109.06,92.6,79.8,99.7,80.2185,3.39,1.48,3.62,3.29,1.0,0.3,0.5,0.18,2009.3333333333333
107.0717662546,0.3,110.7112626202,109.96,93.6,81.0,99.6,79.9594,3.54,1.36,3.72,3.72,1.0,0.3,0.5,0.21,2009.4166666666665
106.7770043498,0.3,110.9610840488,109.95,92.7,81.9,99.4,80.9423,3.36,1.39,3.82,3.56,1.0,0.3,0.5,0.16,2009.5
107.1405757784,0.3,111.341822144,110.34,93.9,83.0,99.1,81.7902,3.33,1.31,3.71,3.59,1.0,0.3,0.5,0.16,2009.5833333333333
107.0029812406,0.3,111.4134636006,110.54,97.9,84.6,100.2,82.3807,3.29,1.26,3.66,3.4,1.0,0.3,0.5,0.15,2009.6666666666665
107.1510204563,0.3,111.6869317378,110.85,95.8,85.9,100.3,82.3247,3.23,1.4,3.57,3.39,1.0,0.3,0.5,0.12,2009.75
107.3075155543,0.3,112.0503998751,111.17,96.9,88.1,101.0,83.1001,3.24,1.25,3.76,3.4,1.0,0.3,0.5,0.12,2009.8333333333333
107.5312900641,0.3,112.6388312476,111.28,96.8,90.4,100.7,83.1783,3.22,1.27,3.89,3.59,1.0,0.3,0.5,0.12,2009.9166666666665
107.5642662546,0.3,112.886774525,111.36,97.5,93.5,100.2,83.9308,3.29,1.31,4.03,3.73,1.0,0.3,0.5,0.11,2010.0
107.4249805403,0.3,113.2450126202,111.32,97.1,95.1,101.1,84.0372,3.19,1.3,4.07,3.69,1.0,0.3,0.5,0.13,2010.0833333333333
107.8298614927,0.3,113.7399650011,111.34,100.4,95.2,103.0,84.9491,3.12,1.36,4.08,3.73,1.0,0.3,0.5,0.16,2010.1666666666665
108.0008138736,0.3,113.9179650011,111.31,101.7,95.8,103.0,85.7981,3.08,1.29,4.09,3.85,1.0,0.3,0.5,0.2,2010.25
107.9977186355,0.3,114.0250483345,111.21,104.9,95.7,103.4,86.9934,2.75,1.26,3.77,3.42,1.0,0.3,0.5,0.2,2010.3333333333333
108.0717662546,0.3,114.3112626202,111.22,105.0,94.3,103.7,86.9537,2.63,1.08,3.57,3.2,1.0,0.3,0.5,0.18,2010.4166666666665
108.0770043498,0.3,114.3610840488,111.45,104.5,94.6,104.5,87.6104,2.65,1.08,3.48,3.01,1.0,0.3,0.5,0.18,2010.5
108.2405757784,0.3,114.841822144,111.66,106.3,94.5,105.3,87.638,2.36,1.02,3.2,2.7,1.0,0.3,0.5,0.19,2010.5833333333333
108.4029812406,0.3,114.8134636006,111.81,107.1,93.7,105.3,87.8026,2.33,0.9,3.11,2.65,1.0,0.3,0.5,0.19,2010.6666666666665
108.5510204563,0.3,115.1869317378,112.15,109.1,92.5,105.6,87.8501,2.37,0.9,3.06,2.54,1.0,0.3,0.5,0.19,2010.75
108.9075155543,0.3,115.6503998751,112.37,109.0,93.9,105.9,88.0236,2.55,1.16,3.3,2.76,1.0,0.3,0.5,0.19,2010.8333333333333
109.4312900641,0.3,116.8388312476,112.86,111.1,96.3,105.0,88.8736,2.9,1.13,3.59,3.29,1.0,0.3,0.5,0.18,2010.9166666666665
109.6642662546,0.3,117.386774525,113.18,110.4,97.4,105.9,89.2231,3.04,1.21,3.71,3.39,1.0,0.3,0.5,0.17,2011.0
109.8249805403,0.3,118.1450126202,113.68,112.0,98.5,106.2,89.4369,3.22,1.24,3.87,3.58,1.0,0.3,0.5,0.16,2011.0833333333333
110.1298614927,0.3,118.3399650011,114.29,112.8,82.5,106.6,89.9955,3.24,1.21,3.72,3.41,1.0,0.3,0.5,0.14,2011.1666666666665
110.4008138736,0.3,119.0179650011,114.72,113.2,84.4,105.7,89.4504,3.35,1.22,3.75,3.46,1.25,0.3,0.5,0.1,2011.25
110.3977186355,0.3,119.1250483345,115.02,114.8,89.4,107.0,89.659,3.08,1.12,3.49,3.17,1.25,0.3,0.5,0.09,2011.3333333333333
110.4717662546,0.3,119.1112626202,115.13,113.5,92.7,106.8,89.6973,2.98,1.08,3.39,3.0,1.25,0.3,0.5,0.09,2011.4166666666665
110.6770043498,0.3,119.4610840488,115.48,117.1,93.8,106.5,90.427,2.79,1.08,3.29,3.0,1.5,0.3,0.5,0.07,2011.5
110.8405757784,0.3,120.041822144,115.86,116.7,94.6,105.9,90.6721,2.25,1.02,2.76,2.3,1.5,0.3,0.5,0.1,2011.5833333333333
111.2029812406,0.3,120.8134636006,116.17,114.0,92.8,105.9,91.0727,1.87,0.98,2.48,1.98,1.5,0.3,0.5,0.08,2011.6666666666665
111.2510204563,0.3,120.9869317378,116.14,114.6,94.5,104.8,91.549,2.04,1.04,2.53,2.15,1.5,0.3,0.5,0.07,2011.75
111.6075155543,0.3,121.2503998751,116.24,114.3,93.0,104.5,91.5071,1.93,1.06,2.29,2.01,1.25,0.3,0.5,0.08,2011.8333333333333
111.6312900641,0.3,121.7388312476,116.25,112.7,95.1,105.7,92.8613,1.98,0.97,2.17,1.98,1.0,0.3,0.5,0.07,2011.9166666666665
111.9642662546,0.3,121.586774525,116.49,113.0,95.9,105.5,93.827,1.86,0.96,2.1,1.97,1.0,0.3,0.5,0.08,2012.0
112.4249805403,0.3,122.1450126202,116.97,113.3,94.5,104.2,94.6366,1.9,0.96,2.21,1.97,1.0,0.3,0.5,0.1,2012.0833333333333
112.5298614927,0.3,122.4399650011,117.31,114.5,95.6,105.3,93.9846,1.88,0.97,2.3,2.17,1.0,0.3,0.5,0.13,2012.1666666666665
112.6008138736,0.3,122.6179650011,117.35,112.1,95.4,104.2,94.6317,1.67,0.91,2.18,2.05,1.0,0.3,0.5,0.14,2012.25
112.4977186355,0.3,122.4250483345,117.02,114.5,92.2,105.7,94.0898,1.39,0.85,1.93,1.8,1.0,0.3,0.5,0.16,2012.3333333333333
112.4717662546,0.3,122.0112626202,117.06,113.5,92.6,102.6,94.424,1.43,0.79,1.77,1.62,1.0,0.3,0.5,0.16,2012.4166666666665
112.5770043498,0.3,122.5610840488,117.12,115.2,91.7,105.8,94.7104,1.31,0.78,1.64,1.53,0.75,0.3,0.5,0.16,2012.5
113.0405757784,0.3,123.041822144,117.82,114.7,90.2,104.6,93.8139,1.42,0.8,1.67,1.68,0.75,0.3,0.5,0.13,2012.5833333333333
