T,Euribor1Y,HICP,CORE,IPI,EXRATE,NFCRATE,VOL,M3,PCOMM,IT_DE_SPREAD,IT10Y,DE10Y,UNR
2000.0,3.9495,4.32347018521386,4.38027510163508,4.51857065104702,0.0136070034062169,1.6094379124341,3.43777543602608,15.3658787016711,3.2159756233465,0.21,5.75,5.54,9.439602
2000.0833333333333,4.1114,4.32519169792134,4.38077585277223,4.53216089418874,-0.016739324004298,1.64287268852034,3.49678758605179,15.3706941649623,3.31147688377066,0.220000000000001,5.73,5.51,9.352443
2000.1666666666667,4.2675,4.32730642247365,4.38127635328318,4.53328512140102,-0.0363528294657983,1.64865862558738,3.40701850126047,15.3770191955574,3.33842086284192,0.25,5.58,5.33,9.261848
2000.25,4.3645,4.32717438312573,4.38190162686073,4.54556891628317,-0.0544561857960589,1.66203036255327,3.49107331508404,15.3847098473506,3.20118017633251,0.25,5.47,5.22,9.176377
2000.3333333333333,4.8485,4.32862585794677,4.38227660342909,4.5587995392698,-0.0987159729391577,1.71559810826249,3.37270908289392,15.3831728963657,3.40960196400597,0.29,5.67,5.38,9.124797
2000.4166666666667,4.9649,4.33244240531812,4.38402463733655,4.54445842199915,-0.0521357544205285,1.73165554515835,3.20244924430763,15.3817983512312,3.44206417517892,0.319999999999999,5.51,5.19,9.083304
2000.5,5.105,4.33388625934595,4.38427410721436,4.5566065559348,-0.0621946035931178,1.74745921033148,3.066162532557,15.3847798040794,3.41685089038234,0.32,5.59,5.27,9.036927
2000.5833333333333,5.2484,4.33585179755327,4.38614315018572,4.5566065559348,-0.100815305238816,1.77155676191054,3.02214373328314,15.3901046128229,3.50569852816807,0.35,5.56,5.21,8.981781
2000.6666666666667,5.2192,4.34055338646731,4.38713854656006,4.5587995392698,-0.136851182749197,1.76985463384001,3.11115275449264,15.3904655083571,3.61658560467486,0.37,5.63,5.26,8.928005
2000.75,5.2184,4.34120464015363,4.38850560077159,4.55989423012899,-0.156419919271302,1.78170913337455,3.34413643366049,15.3940456593815,3.60471221055786,0.37,5.58,5.21,8.819252
2000.8333333333333,5.1933,4.34419495636487,4.39036675894888,4.56969289317769,-0.155017722266609,1.78842056796254,3.29475442852835,15.3948087994853,3.6300923617557,0.399999999999999,5.55,5.15,8.756888
2000.9166666666667,4.8809,4.34289591747084,4.38974675768902,4.57617239748867,-0.108365024678125,1.74745921033148,3.33958393778896,15.396384990659,3.36206839763496,0.41,5.3,4.89,8.678335
2001.0,4.5736,4.34224576466204,4.39024278944522,4.56752369493014,-0.0636855516861331,1.72455071953461,3.24970605151679,15.4298438683608,3.31302897193186,0.38,5.18,4.8,8.572034
2001.0833333333333,4.5913,4.34523297384487,4.39148179344464,4.57077573031652,-0.0815354879825185,1.73342389221509,3.12376653599505,15.4348350368424,3.3971659329487,0.399999999999999,5.18,4.78,8.534301
2001.1666666666667,4.4711,4.34743518990426,4.39284292710773,4.56752369493014,-0.0948602810239601,1.71018781553424,3.36220184315516,15.4408151266189,3.33433794706516,0.46,5.13,4.67,8.491087
2001.25,4.4811,4.35118075450278,4.39518962120016,4.55770364874917,-0.114289146402128,1.71379792775834,3.35302017665369,15.447064302525,3.39361201873314,0.45,5.28,4.83,8.469011
2001.3333333333333,4.5205,4.35555431434277,4.3962992939606,4.56098772395036,-0.134446096552923,1.72097928716701,3.11533875682993,15.4529532502384,3.48714875259938,0.4,5.45,5.05,8.486839
2001.4166666666667,4.3125,4.35722151575491,4.39826901021975,4.56098772395036,-0.158761292384942,1.68639895357023,3.10542324135982,15.462662857304,3.48063375170402,0.4,5.4,5.0,8.461075
2001.5,4.3109,4.35786200767458,4.40060302024682,4.54111952073363,-0.150009267326708,1.68268837417369,3.29333930524995,15.4668751345464,3.38156593971293,0.4,5.42,5.02,8.454982
2001.5833333333333,4.1075,4.35850208962692,4.40231933794164,4.56643732871792,-0.104805114366126,1.67147330335355,3.26604108683235,15.4736064353537,3.35708525837707,0.399999999999999,5.22,4.82,8.473522
2001.6666666666667,3.77,4.36080299822226,4.4040327149365,4.55330803727613,-0.0931026182623243,1.62136648329937,3.90841985520513,15.4825056158454,3.35903421038852,0.390000000000001,5.2,4.81,8.499138
2001.75,3.3694,4.36093067137915,4.40635332666494,4.53665023955134,-0.0988263543068949,1.56234630490025,3.79309113153833,15.4896200451839,3.17000065708606,0.36,4.96,4.6,8.525365
2001.8333333333333,3.1979,4.36093067137915,4.4083033577521,4.53103540166701,-0.118445755206482,1.53471436623816,3.54935988236464,15.4965687937752,3.07725235091777,0.35,4.8,4.45,8.558751
2001.9166666666667,3.2981,4.36207899686419,4.41012806478476,4.54000407164977,-0.11384081642376,1.53901544813755,3.4492009931939,15.5024432579554,3.06661003418743,0.31,5.05,4.74,8.570795
2002.0,3.4832,4.36843468115441,4.41425178196862,4.54000407164977,-0.124090385231051,1.54115907168081,3.35814512417556,15.5064910373358,3.11666146597594,0.279999999999999,5.14,4.86,8.561188
2002.0833333333333,3.5936,4.36957442673464,4.4160656768973,4.54111952073363,-0.139262067333508,1.57069708411767,3.36891176503919,15.5077177959302,3.15506237413687,0.28,5.2,4.92,8.605932
2002.1666666666667,3.8156,4.37185002822232,4.41763506214125,4.55110296471782,-0.132617524614839,1.59127394180643,3.16027566633131,15.5118539751171,3.32854066362188,0.25,5.41,5.16,8.575974
2002.25,3.8602,4.37462430490712,4.41896108246695,4.54889301906701,-0.121264087493039,1.59330853050422,3.1865013824295,15.5171383325255,3.37746805496292,0.25,5.4,5.15,8.636627
2002.3333333333333,3.9627,4.37563122758502,4.42064620563894,4.55220610878997,-0.0866478067256722,1.60140574073684,3.27046454561309,15.5245134040684,3.33644906074037,0.24,5.41,5.17,8.664893
2002.4166666666667,3.8688,4.37575702166029,4.4224485491728,4.55770364874917,-0.0456251780262756,1.58514521986506,3.56351462415581,15.5273387994158,3.25083950007359,0.24,5.26,5.02,8.700962
2002.5,3.6448,4.37801861327634,4.42472686420591,4.54999860237476,-0.00783057911518856,1.56653041142282,3.99277254016365,15.5325806039774,3.25543916417525,0.24,5.11,4.87,8.771347
2002.5833333333333,3.4404,4.37952350445576,4.42592389571106,4.55330803727613,-0.0224501288375919,1.53471436623816,3.94161452558106,15.5394860675341,3.29555904963916,0.24,4.83,4.59,8.814723
2002.6666666666667,3.2364,4.3815265096322,4.42700000031661,4.5587995392698,-0.0193867138001901,1.50851199384414,4.04272175833527,15.5490526410744,3.36457834787087,0.24,4.62,4.38,8.85591
2002.75,3.1259,4.38327585407431,4.42855233211082,4.55330803727613,-0.019080887812792,1.48613969608961,4.02739416129447,15.5526232213287,3.32826103058464,0.3,4.76,4.46,8.891117
2002.8333333333333,3.0174,4.38327585407431,4.43057867525605,4.5566065559348,0.00139902091370741,1.47247205736094,3.78122987537596,15.5617805597253,3.18830527097853,0.26,4.74,4.48,8.943456
2002.9166666666667,2.8716,4.38489750976556,4.43188765384481,4.54223372697704,0.0181345701954827,1.43746264769429,3.81535019766788,15.5677373053694,3.29974034860454,0.22,4.55,4.33,9.014073
2003.0,2.7045,4.38974675768902,4.43319492124828,4.5566065559348,0.0603422290061618,1.41827740697294,3.82421105351846,15.5749510157425,3.34227152446105,0.2,4.38,4.18,9.087325
2003.0833333333333,2.5036,4.39271926421263,4.43426323400939,4.55989423012899,0.0744579109180097,1.39871688111845,3.83090320864308,15.5832225231414,3.39476339455288,0.21,4.16,3.95,9.117948
2003.1666666666667,2.4112,4.39555964895647,4.43604122298012,4.55220610878997,0.0776089793269829,1.3787660946991,3.98195511288785,15.5870790544998,3.30257706272049,0.19,4.19,4.0,9.177081
2003.25,2.447,4.39444915467244,4.43746134156198,4.5566065559348,0.0813956382039941,1.36609165380237,3.7059097234562,15.6000899788939,3.1301058114746,0.159999999999999,4.31,4.15,9.169552
2003.3333333333333,2.2521,4.39383168012364,4.43887944626666,4.53888737694969,0.146867075809552,1.34547236659964,3.52893954901307,15.6044483834304,3.08822029298914,0.22,4.04,3.82,9.181795
2003.4166666666667,2.0137,4.39555964895647,4.44017761131591,4.54000407164977,0.153836344714867,1.26129787094521,3.41869532563102,15.6056615676479,3.14877948764395,0.2,3.82,3.62,9.2374
2003.5,2.0761,4.39728463706286,4.44135630074988,4.5566065559348,0.128569100794708,1.25276296849537,3.33442856574133,15.6120635200264,3.21716235772146,0.16,4.13,3.97,9.20395
2003.5833333333333,2.2786,4.39962094307483,4.44229825301545,4.54445842199915,0.107867370869007,1.27256559579155,3.29393447280601,15.6163510033685,3.27598934881172,0.16,4.29,4.13,9.16529
2003.6666666666667,2.2576,4.40219684146326,4.44429696040001,4.54111952073363,0.115291044334735,1.25561603747777,3.34942818457719,15.6167486296374,3.17512036527672,0.14,4.31,4.17,9.20501
2003.75,2.3025,4.40305400186596,4.44547080723042,4.56860888223143,0.156319754254954,1.25561603747777,3.32147728067564,15.625502631798,3.20693683794868,0.16,4.38,4.22,9.201079
2003.8333333333333,2.4103,4.40391042817389,4.44617445449763,4.56643732871792,0.157174674371999,1.23547147138531,3.18292067174288,15.6294068562233,3.20461461551593,0.16,4.51,4.35,9.216048
2003.9166666666667,2.3808,4.40439948552561,4.44746318995806,4.56643732871792,0.20587530974769,1.25561603747777,3.02284977729041,15.6317621318775,3.18011836439683,0.17,4.46,4.29,9.296038
2004.0,2.2163,4.40781620636018,4.45038597218723,4.56426104929533,0.232142935111011,1.23837423104327,3.00824809654212,15.6344530321148,3.18674924871517,0.15,4.32,4.17,9.388196
2004.0833333333333,2.163,4.40927694916404,4.45271806279641,4.57293789332102,0.234755866642376,1.23547147138531,2.93838472418199,15.6403478730488,3.18103687663792,0.23,4.34,4.11,9.385279
2004.1666666666667,2.055,4.41231332727875,4.45364937834685,4.56752369493014,0.20391995634645,1.21787570949493,3.17021465237898,15.645297721289,3.28343809572375,0.26,4.17,3.91,9.445036
2004.25,2.1626,4.41521960202965,4.45608996297394,4.57724824482214,0.181070774892302,1.22964055107451,3.01557084791649,15.6498276346647,3.31947020050387,0.25,4.35,4.1,9.42489
2004.3333333333333,2.2974,4.41787628756758,4.45655416165931,4.57939647336043,0.182904720054535,1.22964055107451,3.19347164338325,15.6504945732728,3.43007957965413,0.24,4.49,4.25,9.402312
2004.4166666666667,2.4044,4.41896108246695,4.45840880459269,4.57724824482214,0.193755934419618,1.22082992139236,2.94399493322421,15.6584422725871,3.37853246191246,0.23,4.54,4.31,9.350382
2004.5,2.361,4.420405647543,4.4595662121293,4.5868791378831,0.204246114209746,1.22964055107451,2.95053640465925,15.6646467135054,3.42513523795092,0.2,4.44,4.24,9.353009
2004.5833333333333,2.302,4.42256858998682,4.46129981556839,4.56752369493014,0.196881708125284,1.22377543162212,2.99320157403354,15.6679357462035,3.52989544588419,0.2,4.28,4.08,9.366795
2004.6666666666667,2.377,4.42316857800506,4.46233853688055,4.58046885952218,0.20032518123353,1.22671229129543,2.79759500514267,15.6745184669315,3.55593360431147,0.23,4.25,4.02,9.436996
2004.75,2.3161,4.42592389571106,4.46314568595867,4.58474694091326,0.222343231143441,1.22964055107451,2.88836389553576,15.6813403200648,3.67266114546596,0.24,4.13,3.89,9.432067
2004.8333333333333,2.3283,4.42592389571106,4.46452785618563,4.57293789332102,0.26167171701955,1.22377543162212,2.76628420295659,15.6849531840833,3.54015900386655,0.22,4.0,3.78,9.436803
2004.9166666666667,2.301,4.42711949604478,4.46613797729253,4.57401722424069,0.293266450745682,1.22671229129543,2.73990818072607,15.6935042967566,3.40040039748796,0.21,3.79,3.58,9.361922
2005.0,2.3121,4.427716760591,4.4671716878308,4.58474694091326,0.271476468104848,1.21194097397511,2.63087355777823,15.6985551476056,3.51454690008548,0.15,3.71,3.56,9.290822
2005.0833333333333,2.31,4.42986396408804,4.46763077196603,4.58046885952218,0.263440608078747,1.21787570949493,2.57001764580814,15.7038088458501,3.56236339638332,0.14,3.68,3.54,9.292576
2005.1666666666667,2.3348,4.43343242273378,4.46889216769546,4.58154009690368,0.277707491304577,1.21787570949493,2.59525436774378,15.7069500392964,3.69916883639356,0.14,3.84,3.7,9.284959
2005.25,2.2651,4.43592278868141,4.46980854805742,4.59641816092986,0.257583624627748,1.20597080698861,2.70055871782003,15.7149534927118,3.72309245728357,0.17,3.65,3.48,9.361416
2005.3333333333333,2.1933,4.43675153436313,4.47118154598477,4.58154009690368,0.238544347890233,1.20597080698861,2.67252507508942,15.7222360617873,3.67438237746002,0.25,3.55,3.3,9.30531
2005.4166666666667,2.1028,4.43876134765419,4.47186733867367,4.59112994130829,0.19597788324144,1.19088756477728,2.55826482792942,15.7334852635607,3.82266487697005,0.28,3.41,3.13,9.31065
2005.5,2.168,4.44194512488513,4.47289514667827,4.59747245728476,0.185400146403552,1.19694818938897,2.61151063098657,15.7435618978557,3.87649737703284,0.24,3.44,3.2,9.224421
2005.5833333333333,2.2229,4.4444144071087,4.47426391614029,4.58367913515243,0.206363551274193,1.20597080698861,2.73598252304687,15.748603343009,3.95212986429985,0.22,3.45,3.23,9.156405
2005.6666666666667,2.2195,4.44863332816786,4.47540312792903,4.59957772122023,0.20343052000419,1.19392246847243,2.71368369706352,15.7574625983179,3.95483533791104,0.22,3.29,3.07,9.201231
2005.75,2.4136,4.44980209875439,4.47665476375266,4.6006286934662,0.183570776194387,1.19392246847243,2.873271349332,15.7601406023208,3.89888507958784,0.2,3.44,3.24,9.172478
2005.8333333333333,2.6844,4.44816543717793,4.47790483494222,4.61729574595141,0.164327293421676,1.23547147138531,2.73583703747316,15.7651296774201,3.86839081600638,0.21,3.66,3.45,9.099393
2005.9166666666667,2.7833,4.44898410279876,4.47892645941384,4.6069114366457,0.170248975559685,1.26129787094521,2.62552772380901,15.7738697522395,3.88193280201801,0.21,3.55,3.34,9.05333
2006.0,2.8335,4.45166929500233,4.47949357790009,4.61419176001382,0.190868262762421,1.25276296849537,2.75179574945019,15.7784967915423,3.96046072654444,0.22,3.54,3.32,8.962737
2006.0833333333333,2.9142,4.45330023664997,4.48040029903214,4.61315495328538,0.177141496752412,1.28647402583768,2.78644884310799,15.7855392175627,3.9477182807526,0.23,3.7,3.47,8.914246
2006.1666666666667,3.1053,4.45504472741045,4.48198508541771,4.62141946313528,0.183986836113016,1.3297240096315,2.71018392309751,15.7926289110792,3.962356739585,0.28,3.92,3.64,8.816993
2006.25,3.2214,4.45875616753256,4.48311553998079,4.62347496231737,0.204653662000365,1.34025042261848,2.71045619326925,15.8038205646303,4.05285567871414,0.33,4.22,3.89,8.709323
2006.3333333333333,3.3078,4.46141528234295,4.48447040075031,4.6377463564227,0.244513577050402,1.3609765531356,3.04966707608499,15.8098163716156,4.02014350881338,0.33,4.29,3.96,8.621993
2006.4166666666667,3.4005,4.46314568595867,4.48627403104424,4.63875799029755,0.235072122179483,1.38379123090177,3.17141739707352,15.8149115065517,4.01526167155459,0.34,4.3,3.96,8.507138
2006.5,3.5386,4.46602305457793,4.48751214251986,4.63572001327747,0.237756263682055,1.41098697371026,3.04354894816317,15.817445589767,4.07327923805967,0.3,4.31,4.01,8.417205
2006.5833333333333,3.6151,4.46728647862471,4.48829923425668,4.6377463564227,0.247719083880251,1.44220199305819,2.90684614030654,15.8271511960525,4.05688496406172,0.29,4.17,3.88,8.39172
2006.6666666666667,3.7153,4.46590811865458,4.48998377617897,4.63976860180347,0.241140628015864,1.45161382724053,2.81776422646961,15.8401506853089,3.91764716017837,0.29,4.04,3.75,8.320407
2006.75,3.7992,4.46533324080029,4.49132936956433,4.63673369810832,0.231984355979692,1.49290409617815,2.72754077421059,15.843460627726,3.86488108216307,0.28,4.07,3.79,8.24057
2006.8333333333333,3.8637,4.46659753612415,4.49300881909976,4.64581091625943,0.253168264419905,1.51072193949494,2.67176432096998,15.8505196891588,3.84455967787796,0.26,3.97,3.71,8.159915
2006.9166666666667,3.9209,4.46774551007642,4.49435035088285,4.66174750852225,0.278616100438034,1.53901544813755,2.73320612098333,15.8636638114536,3.85921698850521,0.27,4.04,3.77,8.050782
2007.0,4.0644,4.47026642352329,4.49713944177439,4.6567945513934,0.262287338431836,1.53686721959927,2.75938849447729,15.8746092039292,3.7430574587212,0.24,4.26,4.02,7.986504
2007.0833333333333,4.0936,4.47175307254774,4.49892038614538,4.66174750852225,0.268040432196492,1.55392520250384,2.70609338582662,15.8810570084446,3.80458477726424,0.23,4.28,4.05,7.907623
2007.1666666666667,4.1055,4.47392189937814,4.49980967033027,4.66864069189756,0.280808503508609,1.57897870494939,3.06264593234398,15.8960594862652,3.85576583240748,0.24,4.18,3.94,7.813483
2007.25,4.2527,4.47824549241442,4.50258359721299,4.65480647916801,0.301289075857998,1.59127394180643,2.82590878945997,15.8989682740084,3.91666222757657,0.22,4.37,4.15,7.690755
2007.3333333333333,4.3731,4.48040029903214,4.50413364181032,4.67158042943849,0.300919075483776,1.5993875765806,2.85287146520511,15.9113028200768,3.91701850710651,0.21,4.49,4.28,7.66915
2007.4166666666667,4.5055,4.4818719696436,4.5049077640497,4.67451155024735,0.294086520124775,1.62531126159039,2.9269001034396,15.9204129536468,3.96211708104021,0.21,4.77,4.56,7.586694
2007.5,4.5638,4.48390609849505,4.5063438316812,4.67548668440555,0.315977941606628,1.62727783056243,3.0246608312444,15.9305706597501,4.01155154814305,0.26,4.76,4.5,7.634457
2007.5833333333333,4.6663,4.48469603252022,4.50722654165797,4.6803481426918,0.309101039825081,1.65441127807683,3.31898230220787,15.9370929440993,3.95828426031464,0.28,4.58,4.3,7.586499
2007.6666666666667,4.7245,4.48706209750776,4.50810847314496,4.67840639450889,0.329015935944758,1.68639895357023,3.26317344768288,15.9459543391793,4.0104048265448,0.350000000000001,4.57,4.22,7.526238
2007.75,4.6467,4.49043250851767,4.50953995497284,4.68518608149426,0.352556474674984,1.6752256529721,2.97375247794593,15.9604354867552,4.05569381993789,0.31,4.59,4.28,7.478795
2007.8333333333333,4.6072,4.49635928012991,4.51151862990664,4.67937773989852,0.384173372640542,1.6752256529721,3.20888503003848,15.9709285126745,4.14032284023457,0.36,4.45,4.09,7.41832
2007.9166666666667,4.7929,4.49780766765959,4.51294524194557,4.68422036437431,0.376379527213068,1.708377860289,3.08184804127201,15.9728338973094,4.13931633449199,0.33,4.54,4.21,7.451648
2008.0,4.498,4.50225113198025,4.51513606328411,4.69479230329971,0.386486141510362,1.67335123817775,3.34828652857744,15.9894708299713,4.13418527544331,0.37,4.4,4.03,7.417177
2008.0833333333333,4.3489,4.50369101703824,4.51612036915458,4.69479230329971,0.388522387377852,1.66013102674962,3.4253635684519,15.9951739474344,4.16022905213716,0.399999999999999,4.35,3.95,7.372221
2008.1666666666667,4.5901,4.50832883453854,4.51852237926242,4.68711472240067,0.439995351004987,1.68082790852077,3.51285092959059,15.9978624160138,4.19148488447543,0.58,4.38,3.8,7.350436
2008.25,4.8199,4.51041984944228,4.51884947952156,4.70146217080881,0.454318762325553,1.69927861643389,3.18277774280274,16.0061539713141,4.24631286239029,0.49,4.53,4.04,7.455192
2008.3333333333333,4.9938,4.51622967669144,4.5209186335405,4.66962156495315,0.441925605110939,1.69927861643389,3.02805424501612,16.0150371502963,4.38332454202761,0.5,4.7,4.2,7.500693
2008.4166666666667,5.3608,4.52080983737002,4.52276635973328,4.67158042943849,0.441668453068377,1.71199450075919,3.18141207401899,16.0176272604298,4.45355512210129,0.590000000000001,5.11,4.52,7.596874
2008.5,5.3932,4.5238516648105,4.52363469800557,4.66372184282597,0.455524307980901,1.7281094421516,3.33386919524641,16.0246044158706,4.44599038128522,0.609999999999999,5.1,4.49,7.581983
2008.5833333333333,5.323,4.52189726679427,4.52515247800206,4.65778710730615,0.403797051007467,1.72455071953461,3.16316271900848,16.0285638640387,4.34430270078742,0.609999999999999,4.81,4.2,7.66906
2008.6666666666667,5.3839,4.52276635973328,4.52666795783313,4.64981893765697,0.362557607096888,1.75267208052001,3.5651795734027,16.0374156068958,4.24846809882384,0.71,4.8,4.09,7.750601
2008.75,5.2478,4.52135369989498,4.52850510105261,4.62859530120535,0.286831710996942,1.7509374747078,4.27444803588745,16.0529473439391,4.01103360296122,0.9,4.78,3.88,7.883206
2008.8333333333333,4.3504,4.51721290722895,4.53012331166518,4.59112994130829,0.241533416425801,1.63510565918268,4.17222266638749,16.0548367374403,3.76395909689996,1.18,4.74,3.56,8.107346
2008.9166666666667,3.452,4.51338379035738,4.53109298259178,4.54999860237476,0.296319660847366,1.51512723296286,4.04017388652653,16.0564725558333,3.46813926241592,1.42,4.47,3.05,8.363549
2009.0,2.6216,4.51404125257699,4.53173890790221,4.50710263545538,0.280581925961474,1.34286480319255,3.87475579627616,16.0565155227911,3.53506954954953,1.55,4.62,3.07,8.763779
2009.0833333333333,2.1354,4.51557365217634,4.53292202178047,4.48376435332689,0.245687515749104,1.24126858906963,3.85826264556782,16.0601345974423,3.54273455896914,1.41,4.54,3.13,9.065419
2009.1666666666667,1.9089,4.51447932070359,4.5335667671284,4.47069227175954,0.266203040774657,1.16002091679675,3.86405470343745,16.0565715684984,3.59795588903165,1.44,4.46,3.02,9.352461
2009.25,1.771,4.51590171822991,4.53539129138018,4.45744704500952,0.276873873735178,1.07158361628019,3.66838318630479,16.0616432819277,3.66477629276304,1.23,4.36,3.13,9.524017
2009.3333333333333,1.6444,4.51666678739669,4.53614159957766,4.48140028603201,0.311154428636923,1.05431202977153,3.58325664915932,16.0585138914219,3.75661520241922,1.05,4.42,3.37,9.635076
2009.4166666666667,1.6105,4.51928544683092,4.5364629879783,4.4873000081592,0.33761444119999,1.06125650212434,3.4554944934031,16.0592780143104,3.90230392783388,1.14,4.61,3.47,9.715352
2009.5,1.412,4.5176495884586,4.5368913452348,4.49082320616652,0.342738278199859,1.00795792039998,3.4373547537274,16.0597386249521,3.8385702032191,1.03,4.37,3.34,9.814274
2009.5833333333333,1.3343,4.52015681166114,4.53806838244736,4.49199485246341,0.355434174502599,0.970778917158225,3.34297467617453,16.0548991622256,3.93439683415496,0.81,4.12,3.31,9.878827
2009.6666666666667,1.261,4.519503359231,4.53870981928782,4.51514403433037,0.375830302978474,0.904218150639886,3.28771076107702,16.0577335696751,3.84872318345257,0.83,4.09,3.26,10.01469
2009.75,1.2426,4.51972122415561,4.53945764262271,4.51170563552734,0.393122584909778,0.924258901523332,3.3433186465336,16.0544643448434,3.90731996344328,0.89,4.1,3.21,10.090785
2009.8333333333333,1.2306,4.52178857704904,4.54020490713573,4.51628754503245,0.399715276127557,0.959350221334602,3.32488393079418,16.0514037730112,3.95264465988167,0.839999999999999,4.06,3.22,10.160813
2009.9166666666667,1.2424,4.52222326516717,4.54148463430196,4.51399921451444,0.37939488037498,0.940007258491471,3.24114323216617,16.050813636549,3.94434497689027,0.87,4.01,3.14,10.151364
2010.0,1.2322,4.52504414150881,4.54201737098282,4.52990864098442,0.355714482843608,0.8754687373539,3.20728871757996,16.0481077488783,3.98858396654294,0.82,4.08,3.26,10.252242
2010.0833333333333,1.2252,4.52547741707884,4.54254982400642,4.5253888592788,0.31378831953626,0.867100487683383,3.33341323315668,16.0480598071934,3.99800068166653,0.88,4.05,3.17,10.286711
2010.1666666666667,1.2151,4.5289368799885,4.54318839363221,4.54556891628317,0.30520268616977,0.879626747502564,3.04589364005282,16.0489924876752,4.07866392782846,0.85,3.95,3.1,10.269064
2010.25,1.2252,4.5321692931036,4.54403918598386,4.54778621209182,0.29311727494172,0.871293365943419,3.17321715245642,16.0538722801557,4.15877213970565,0.94,4.0,3.06,10.359683
2010.3333333333333,1.2493,4.53281452379595,4.54467680555913,4.56969289317769,0.22833007800151,0.867100487683383,3.68545136269496,16.0550102601819,4.12093293769356,1.26,3.99,2.73,10.357851
2010.4166666666667,1.2813,4.5335667671284,4.54573860221867,4.56860888223143,0.199588291692673,0.924258901523332,3.50012509323574,16.039149300399,4.13005913604609,1.56,4.1,2.54,10.3148
2010.5,1.3734,4.5349622909446,4.54701127181456,4.56426104929533,0.244513577050402,0.951657875711446,3.36051700723026,16.0384473904803,4.07614325213289,1.41,4.03,2.62,10.250762
2010.5833333333333,1.421,4.53592728324593,4.54796471221731,4.57617239748867,0.254176993894383,0.966983846189673,3.30439043313538,16.0417232245545,4.09292856016421,1.45,3.8,2.35,10.22699
2010.6666666666667,1.4205,4.53699840588476,4.54891724443729,4.57509539146104,0.267504875012963,0.955511445027437,3.19413344103926,16.0425853729563,4.09172780817226,1.56,3.86,2.3,10.233528
2010.75,1.4954,4.53870981928782,4.55050278464578,4.58367913515243,0.32915985189809,0.985816794522765,3.1685819201211,16.042149374774,4.09794972248199,1.45,3.8,2.35,10.263167
2010.8333333333333,1.5405,4.54063166485052,4.55134737929058,4.59218982482034,0.311959964911305,1.02961941718116,3.27539319995337,16.0441459432032,4.14473503251994,1.65,4.18,2.53,10.211189
2010.9166666666667,1.5261,4.54403918598386,4.55187488892987,4.6006286934662,0.279145741429495,1.05779029414785,3.10029923759089,16.0453967778657,4.24244842541876,1.69,4.6,2.91,10.197986
2011.0,1.55,4.54891724443729,4.55429785561434,4.59536275186092,0.289680075114454,1.02245092770255,3.08944308893221,16.0475442083874,4.28479548598971,1.71,4.73,3.02,10.134746
2011.0833333333333,1.714,4.55124184396254,4.55524437721837,4.60482157172624,0.311081165880013,1.08518926833597,3.07605289132489,16.0484296601202,4.33902257367725,1.54,4.74,3.2,10.121928
2011.1666666666667,1.9241,4.55482381155135,4.55545459374216,4.60482157172624,0.336400805498642,1.09192330051731,3.26325263639011,16.0503852781468,4.40802083885068,1.67,4.88,3.21,10.101537
2011.25,2.0856,4.55839299442916,4.55765920331704,4.60167856232904,0.367555535034944,1.14740245283754,3.01116261120935,16.0509382368456,4.44429108770247,1.5,4.84,3.34,10.022998
2011.3333333333333,2.1471,4.55902152996211,4.55839299442916,4.60899694313672,0.361095160372224,1.14422279992016,3.08436154937252,16.0529294128477,4.37989436299753,1.7,4.76,3.06,10.095049
2011.4166666666667,2.1441,4.55912624748668,4.55954500796182,4.59218982482034,0.363809432839332,1.16627093714192,3.21007501106707,16.0548228884103,4.37052828125181,1.93,4.82,2.89,10.116414
2011.5,2.1827,4.56142726304017,4.56080023825215,4.60482157172624,0.355153787566794,1.19694818938897,3.25894031149916,16.0552343358574,4.40312499077825,2.72,5.46,2.74,10.241789
2011.5833333333333,2.0969,4.56299310708891,4.56278446949165,4.60482157172624,0.36067692531803,1.18172719537862,3.80188559591278,16.0627529054416,4.34008422105183,3.06,5.27,2.21,10.342535
2011.6666666666667,2.0669,4.56528525228918,4.56361875882986,4.59536275186092,0.319907219746518,1.18478998490916,3.91190109799774,16.0662203977919,4.37972273272879,3.92,5.75,1.83,10.460022
2011.75,2.1101,4.56777979676953,4.56528525228918,4.59218982482034,0.315248600169586,1.21787570949493,3.69788327150534,16.0619947130876,4.36864373178027,3.97,5.97,2.0,10.575501
2011.8333333333333,2.0439,4.56995743023235,4.56653330237317,4.59430622772671,0.304244160750759,1.20297230399235,3.76432916858586,16.0638357500154,4.39885179449418,5.19,7.06,1.87,10.72319
2011.9166666666667,2.0035,4.57088925201122,4.56757215557277,4.58900679826022,0.276039560667707,1.24703229378638,3.58741149880231,16.0666498186217,4.40252509825121,4.88,6.81,1.93,10.821646
2012.0,1.8366,4.57543236772414,4.56975024075683,4.58261018796352,0.255029740176531,1.16627093714192,3.33710942567153,16.0676698749047,4.45706916998738,4.72,6.54,1.82,10.87179
2012.0833333333333,1.6783,4.57831273181821,4.57047521619121,4.5900689332512,0.279448267524677,1.14103300455206,3.17922135028561,16.0704815799202,4.49698791514329,3.7,5.55,1.85,11.04378
2012.1666666666667,1.4985,4.58149205863351,4.57182020630654,4.5868791378831,0.277707491304577,1.09861228866811,3.13195709813186,16.0783897000963,4.54555074630678,3.22,5.05,1.83,11.219505
2012.25,1.3678,4.58404868936598,4.57336987343829,4.58046885952218,0.274748797039882,1.09861228866811,3.32972201957897,16.0747285453889,4.51503867370767,4.06,5.68,1.62,11.330999
2012.3333333333333,1.266,4.58292457704077,4.57388589594833,4.58794353393889,0.246000333457137,1.10525683138678,3.46642051215126,16.0801301976367,4.45441822397064,4.44,5.78,1.34,11.386215
2012.4166666666667,1.219,4.58292457704077,4.57563838338205,4.58046885952218,0.225221391109175,1.08518926833597,3.3775259010478,16.0833440484366,4.33621957910826,4.6,5.9,1.3,11.486182
2012.5,1.0608,4.58496747867057,4.57718214944792,4.58261018796352,0.206038083411271,1.05431202977153,3.19418079727491,16.088177843282,4.42318657208501,4.76,6.0,1.24,11.552608
2012.5833333333333,0.8766,4.58832916879207,4.57738780497564,4.5900689332512,0.215111379616946,0.970778917158225,3.16929314674253,16.0873395952948,4.50482927323999,4.48,5.82,1.34,11.597838
2012.6666666666667,0.7398,4.59117267634424,4.57872353597311,4.57077573031652,0.251225535441166,0.974559639998131,3.1379327860923,16.0890532743461,4.47642958488805,3.76,5.25,1.49,11.716746
2012.75,0.6501,4.59259140378123,4.58016002298392,4.5631711309313,0.260362261796818,0.985816794522765,3.07925288235592,16.0952843401096,4.44956845389352,3.48,4.95,1.47,11.865668
2012.8333333333333,0.5879,4.59188229166116,4.58087749341905,4.55550825818573,0.249045188836863,0.985816794522765,3.01994477090749,16.0956201587392,4.44073412585153,3.51,4.85,1.34,11.998168
2012.9166666666667,0.5493,4.59279391492004,4.58241319886548,4.56098772395036,0.271476468104848,0.985816794522765,2.84181662166106,16.0963802695137,4.41623359804,3.24,4.54,1.3,12.022808
2013.0,0.5753,4.59511985013459,4.58312905511121,4.5566065559348,0.284276279316948,0.974559639998131,2.75521873367725,16.0945818557896,4.43304526634508,2.7,4.21,1.51,12.220366
2013.0833333333333,0.5942,4.59643212004481,4.58312905511121,4.5587995392698,0.289605222013629,0.970778917158225,3.0294214230443,16.0963543115737,4.46259574223622,2.95,4.49,1.54,12.231842
2013.1666666666667,0.545,4.59794414089635,4.58537555865991,4.57077573031652,0.259591192285255,0.955511445027437,2.98068772529178,16.098219318946,4.4326662779781,3.29,4.64,1.35,12.230044
2013.25,0.5284,4.59693638106099,4.58496747867057,4.57185739618726,0.264362267130164,0.993251773010283,3.04758266273542,16.100141739733,4.37380921396424,3.08,4.28,1.2,12.248155
2013.3333333333333,0.4838,4.5973396068729,4.58598736657132,4.57185739618726,0.260978689617231,0.982078472412158,2.87546199101199,16.1017098337127,4.37254684309974,2.67,3.96,1.29,12.219358
2013.4166666666667,0.5071,4.59874961818517,4.5869043771812,4.57401722424069,0.276798055849702,0.951657875711446,3.14124503950347,16.0997495863595,4.36102641555079,2.85,4.38,1.53,12.164839
2013.5,0.5254,4.60035862899087,4.58731166768678,4.5631711309313,0.268499253035007,0.985816794522765,2.95892008614397,16.1011863918325,4.40514605923312,2.86,4.42,1.56,12.132855
2013.5833333333333,0.5423,4.60096134121404,4.58731166768678,4.56969289317769,0.285930539412975,0.943905898907128,2.8800750392799,16.1054880075755,4.41345383600134,2.69,4.42,1.73,12.103364
2013.6666666666667,0.5434,4.60176439285326,4.58853254483507,4.57293789332102,0.288781467895082,0.959350221334602,2.93434527238447,16.1049067586215,4.41897192447539,2.65,4.54,1.89,12.142307
2013.75,0.541,4.5999566189352,4.58853254483507,4.56752369493014,0.310054923303506,1.00430160919687,2.89455163436704,16.1058147484315,4.38174659546656,2.49,4.25,1.76,12.076238
2013.8333333333333,0.5064,4.60005713660127,4.58995502018161,4.57939647336043,0.299585939454605,1.01160091167848,2.75967677327988,16.106559059659,4.38212412992107,2.42,4.1,1.68,12.064984
2013.9166666666667,0.5425,4.60206537103461,4.59056403359873,4.5783229359519,0.315102668027773,0.989541193613748,3.021573920873,16.1012190387019,4.3918791884698,2.31,4.11,1.8,12.004263
2014.0,0.5621,4.60276730137178,4.5913754749659,4.57401722424069,0.308219723669329,0.99694863489161,2.93589840151253,16.1054643104083,4.36637478098566,2.11,3.87,1.76,12.051558
2014.0833333333333,0.549,4.60356890462112,4.59289515511248,4.58154009690368,0.311813552026709,0.993251773010283,2.9053117587186,16.1077173825529,4.37476029868184,2.09,3.65,1.56,12.015866
2014.1666666666667,0.5773,4.6032683786985,4.59350238112041,4.57617239748867,0.323748778488175,1.00795792039998,3.0394869740115,16.1072216426464,4.35375318101781,1.89,3.4,1.51,11.939013
2014.25,0.604,4.60356890462112,4.59410923862867,4.59218982482034,0.323025084723777,0.989541193613748,2.88045391108329,16.1060043448524,4.35897420749371,1.77,3.23,1.46,11.827499
2014.3333333333333,0.5923,4.60266705576997,4.59340120238809,4.58367913515243,0.3171437826014,0.974559639998131,2.74847026222648,16.112237324424,4.37475400308202,1.79,3.12,1.33,11.756032
2014.4166666666667,0.5127,4.60346873934833,4.59410923862867,4.57724824482214,0.306896291375585,0.928219302739429,2.67018253707725,16.1154453419901,4.4101292801462,1.66,2.92,1.26,11.601286
2014.5,0.4875,4.60346873934833,4.59421034575175,4.5868791378831,0.302989316518928,0.912282710476616,2.76368941922045,16.118828382445,4.38136266429433,1.68,2.79,1.11,11.671948
2014.5833333333333,0.4691,4.60396946541157,4.59572572716009,4.56752369493014,0.286381226718733,0.854415328156068,2.92231883748217,16.1230656798782,4.35123360859135,1.68,2.63,0.95,11.552107
2014.6666666666667,0.3623,4.60507018098776,4.59623034441862,4.57939647336043,0.254719734748954,0.845868267577609,2.86320066669137,16.1279118143956,4.33631510165264,1.48,2.4,0.92,11.609942
2014.75,0.3376,4.60386934025504,4.59592760462116,4.5783229359519,0.236888653105882,0.819779831493311,3.15758566019868,16.1305250845132,4.24080431396519,1.63,2.42,0.79,11.629899
2014.8333333333333,0.3347,4.60316818331742,4.5970372027579,4.57509539146104,0.22090103876143,0.802001585472027,3.02200953777957,16.1364188511083,4.1601525896954,1.57,2.29,0.72,11.652742
2014.9166666666667,0.3285,4.60035862899087,4.59794414089635,4.58794353393889,0.209531323894348,0.765467842139571,3.26565904650307,16.1502333579742,3.93730081261241,1.4,1.99,0.59,11.475537
2015.0,0.2982,4.59885025724327,4.60055957343041,4.58154009690368,0.150228713246691,0.746687947487975,3.28552796599963,16.1578400731059,3.75689551534372,1.31,1.7,0.39,11.387884
2015.0833333333333,0.2551,4.60256680011798,4.60246653441378,4.60586705012779,0.126632650933366,0.717839793150317,3.12321845146582,16.1609881724574,3.95045109684749,1.26,1.56,0.3,11.331219
2015.1666666666667,0.2124,4.6044699408737,4.60246653441378,4.60795473355828,0.0804733841498769,0.72270598280149,2.95063291497448,16.1645464141953,3.95834345569665,1.06,1.29,0.23,11.326864
2015.25,0.1805,4.60537016599076,4.60286753692542,4.6006286934662,0.0750147038054458,0.712949807856125,3.01588968540124,16.1711721395097,4.03592594289196,1.24,1.36,0.12,11.191945
2015.3333333333333,0.1654,4.60726798407024,4.60416968565451,4.60795473355828,0.108854404912082,0.693147180559945,3.15369835454803,16.1727539922196,4.07600576300662,1.25,1.81,0.56,11.149761
2015.4166666666667,0.163,4.60766706618668,4.60467006094641,4.61107810934054,0.114488726484698,0.678033542749897,3.35350059453813,16.1747366309525,4.03758018838525,1.41,2.2,0.79,11.073403
2015.5,0.1673,4.60676890735179,4.60497016598542,4.61626215412813,0.0949464773089535,0.657520002916794,3.31103298718502,16.1816531910913,3.94584262041378,1.33,2.04,0.71,10.841129
2015.5833333333333,0.1613,4.60606978123093,4.60626958143139,4.60272733012312,0.107867370869007,0.62057648772511,3.262997262865,16.182234561012,3.76056735740472,1.23,1.84,0.61,10.754668
2015.6666666666667,0.1536,4.60547014099709,4.60686874262367,4.60795473355828,0.115201929688684,0.672944473242426,3.54446909959187,16.1852118158659,3.76856363598632,1.27,1.92,0.65,10.712749
2015.75,0.1279,4.60626958143139,4.60826539089539,4.61003806764513,0.116448812643247,0.647103242058538,3.16169703435006,16.1932736218877,3.78139482297908,1.18,1.7,0.52,10.72274
2015.8333333333333,0.0789,4.60666906211183,4.60896298422679,4.60482157172624,0.0710174872352804,0.636576829071551,3.09322929492609,16.1984228720002,3.7574629084678,1.05,1.57,0.52,10.607286
2015.9166666666667,0.0589,4.60467006094641,4.60936139060656,4.60482157172624,0.0840653751176674,0.631271776841858,3.32490591631012,16.198989411768,3.5747864768102,1.03,1.58,0.55,10.572061
2016.0,0.0424,4.60216567696779,4.61025722503665,4.62347496231737,0.0825012215117438,0.615185639090234,3.42749502889159,16.2051327942827,3.39196825734369,1.1,1.53,0.43,10.480762
2016.0833333333333,-0.0079,4.60136294764514,4.61105284914625,4.61003806764513,0.103729185762477,0.582215619852664,3.48381587845255,16.2112414902666,3.43400978487537,1.39,1.56,0.17,10.453742
2016.1666666666667,-0.0124,4.60366905986182,4.61214579972452,4.60377499915557,0.104360015324243,0.587786664902119,3.28788348922819,16.2122216753819,3.59648726283712,1.21,1.38,0.17,10.362693
2016.25,-0.0098,4.60346873934833,4.61115225766564,4.61935973017227,0.125663017995657,0.582215619852664,3.12732431975606,16.2169805248329,3.64293236956078,1.31,1.44,0.13,10.323498
2016.3333333333333,-0.0126,4.60596986615866,4.61224509966005,4.60377499915557,0.123190610555198,0.542324290825362,3.10879485202914,16.2210476484635,3.75398812518514,1.4,1.53,0.13,10.212701
2016.4166666666667,-0.028,4.60806598910012,4.6125429403175,4.61211707047296,0.115914624596356,0.518793793415168,3.35484100343158,16.2242323752882,3.8054016953029,1.47,1.45,-0.02,10.172241
2016.5,-0.056,4.60816569496789,4.61313835563727,4.61003806764513,0.101563315409441,0.512823626428664,3.13584175278522,16.2294710906368,3.7529733451682,1.38,1.23,-0.15,10.028853
2016.5833333333333,-0.0483,4.60826539089539,4.61403081442029,4.61107810934054,0.114399540308496,0.476234178996372,2.91510385867319,16.2313382611324,3.74363512256059,1.31,1.18,-0.13,9.979889
2016.6666666666667,-0.0571,4.60946096740525,4.61492247743077,4.61419176001382,0.114399540308496,0.494696241836107,2.99059962401529,16.2350224979676,3.75407244853714,1.36,1.27,-0.09,9.9344
2016.75,-0.0688,4.61154979295213,4.61601120916597,4.62141946313528,0.0976710271734462,0.488580014818671,2.94102901672264,16.23704476204,3.85799333900823,1.45,1.45,0.0,9.852714
2016.8333333333333,-0.074,4.61274145148441,4.61709875685337,4.62552624508793,0.0768684442565771,0.488580014818671,3.1228471870347,16.2436272554338,3.79413321407358,1.75,1.94,0.19,9.878815
2016.9166666666667,-0.0804,4.61581334608657,4.61818512306559,4.62141946313528,0.0528770396007669,0.488580014818671,2.8679563166638,16.2476239293018,3.96799682902915,1.64,1.89,0.25,9.754481
2017.0,-0.0945,4.61927031036687,4.61867853601288,4.62039012696616,0.0595887914116574,0.457424847038876,2.70653972757789,16.2526235718835,3.96946515678857,1.74,1.99,0.25,9.651138
2017.0833333333333,-0.1059,4.6208466653731,4.61927031036687,4.62757332870965,0.0623173060648616,0.444685821261446,2.68687423120263,16.2571225406397,3.97103503359643,2.09,2.35,0.26,9.549902
2017.1666666666667,-0.1096,4.61996027146073,4.62055128802639,4.62552624508793,0.0662557957770653,0.494696241836107,2.67037800266662,16.2648888162486,3.90269765923137,2.05,2.4,0.35,9.479601
2017.25,-0.119,4.62153554007436,4.62251882432271,4.63368955572709,0.0698058742439629,0.500775287912489,2.70641052423318,16.2646191174042,3.92817781103485,2.04,2.26,0.22,9.302207
2017.3333333333333,-0.1272,4.62025582340613,4.62202730305451,4.6377463564227,0.100569054921695,0.46373401623214,2.68330180362256,16.267168460195,3.84479928236056,1.85,2.19,0.34,9.268882
2017.4166666666667,-0.1491,4.62005879848184,4.62310833111911,4.6377463564227,0.115914624596356,0.451075619360217,2.69298833860154,16.2710519034555,3.75407479075097,1.8,2.05,0.25,9.108423
2017.5,-0.1541,4.62074821595141,4.62428630318032,4.6478169349863,0.140718006938879,0.451075619360217,2.62502817662772,16.2723638667351,3.76047427093663,1.77,2.23,0.46,9.085801
2017.5833333333333,-0.1563,4.62261709959181,4.62556087563583,4.6567945513934,0.166107482930927,0.451075619360217,2.70639613547689,16.2782287716764,3.78104606170492,1.76,2.11,0.35,9.020866
2017.6666666666667,-0.1683,4.62487476926243,4.62654021172428,4.65281444663677,0.17521301755666,0.431782416425538,2.57983796995529,16.2813352157361,3.8377131667469,1.76,2.11,0.35,8.922632
2017.75,-0.1798,4.62526688768721,4.62507084769443,4.65281444663677,0.161778655562625,0.438254930931155,2.43989097825039,16.2839621461007,3.88668673573498,1.7,2.07,0.37,8.817761
2017.8333333333333,-0.189,4.62830060337695,4.62683382562412,4.67937773989852,0.160246349142097,0.444685821261446,2.57614529455559,16.2877716722626,3.97600949922666,1.48,1.79,0.31,8.758536
2017.9166666666667,-0.1897,4.62937487468491,4.62742079492291,4.67937773989852,0.168560641543918,0.438254930931155,2.60222508951898,16.2885912222916,3.98420226166167,1.5,1.8,0.3,8.722307
2018.0,-0.1887,4.63220152503912,4.62869138102944,4.65877867902845,0.198850858745165,0.357674444271816,2.42973126843879,16.292526743084,4.02801243353175,1.51,1.98,0.47,8.699205
2018.0833333333333,-0.1912,4.63220152503912,4.62937487468491,4.64981893765697,0.210909013645867,0.418710334858185,3.19629432675115,16.2937340081753,3.96978612528544,1.42,2.08,0.66,8.611453
2018.1666666666667,-0.191,4.63366045638772,4.63142255713216,4.65480647916801,0.209936723826928,0.438254930931155,2.94512904572488,16.2956544672216,3.98766651233044,1.44,1.97,0.53,8.547609
2018.25,-0.1897,4.63472898822964,4.63122772030738,4.65181694031965,0.205061043763444,0.425267735404344,2.7086152266304,16.2998887348017,4.06168017597606,1.29,1.77,0.48,8.451191
2018.3333333333333,-0.188,4.63889505538971,4.63346605514294,4.66372184282597,0.166530870887631,0.357674444271816,2.64186410122966,16.3058853965863,4.17390407625331,1.73,2.18,0.45,8.300848
2018.4166666666667,-0.1815,4.64005458784159,4.63327161609897,4.66273516292352,0.1551216368673,0.398776119957368,2.76284834631822,16.312908614267,4.16950923777284,2.41,2.74,0.33,8.233984
2018.5,-0.1795,4.64169496067046,4.63463189613771,4.64881843732339,0.1558064511382,0.371563556432483,2.58142519013966,16.311633815746,4.16523784899768,2.36,2.64,0.28,8.104223
2018.5833333333333,-0.1693,4.64285125295578,4.63531134290008,4.66075887769531,0.144013760138905,0.357674444271816,2.64464881096383,16.3133840240392,4.16180848768878,2.87,3.16,0.29,8.03619
2018.6666666666667,-0.1662,4.6456401185418,4.63608728862281,4.65381095892651,0.153493320957109,0.378436435720245,2.69591463992703,16.3163979986431,4.21226092232372,2.59,2.96,0.37,8.01772
2018.75,-0.1538,4.64784646026853,4.63666885304746,4.65778710730615,0.138369669264772,0.392042087776024,2.9898545573836,16.3217226268596,4.24963744662814,3.07,3.47,0.4,8.032548
2018.8333333333333,-0.1474,4.64775063352321,4.63666885304746,4.64279432272001,0.128129327710528,0.405465108108164,2.91682055107552,16.3258810675705,4.06815629002365,3.08,3.39,0.31,7.943954
2018.9166666666667,-0.1287,4.64487155283964,4.63705637485041,4.64480639583343,0.129623767793506,0.385262400790645,3.15221822451182,16.3307904032047,3.93370425915701,2.79,2.98,0.19,7.876707
2019.0,-0.1159,4.6446793190828,4.63763737612559,4.65480647916801,0.13243078718049,0.364643113587909,2.86337733149719,16.3332488038963,3.96189829492179,2.64,2.77,0.13,7.863705
2019.0833333333333,-0.1084,4.64592817846026,4.63783096822764,4.64881843732339,0.126720752779157,0.378436435720245,2.62717069279138,16.337824017161,4.03892170026385,2.75,2.81,0.06,7.827024
2019.1666666666667,-0.1088,4.64794227783196,4.63957161270542,4.65081843799006,0.122394608213606,0.385262400790645,2.66537341734796,16.3440983908943,4.0788010519963,2.68,2.69,0.01,7.742499
2019.25,-0.1122,4.65071700094406,4.64265863039908,4.64981893765697,0.116715799695961,0.357674444271816,2.51314176080276,16.3499005443206,4.14533230993502,2.66,2.62,-0.04,7.72771
2019.3333333333333,-0.1339,4.65157655880225,4.64208054000819,4.65381095892651,0.111988501948047,0.3293037471426,2.89037231345157,16.3552948373951,4.12803559173955,2.77,2.64,-0.13,7.614231
2019.4166666666667,-0.1903,4.65214918718209,4.6438138095803,4.64178676595971,0.121597971747488,0.314810739840034,2.70085661138853,16.3587318695465,4.01071835815471,2.59,2.28,-0.31,7.52735
2019.5,-0.2833,4.65281683945544,4.64448704836504,4.63976860180347,0.114934538092099,0.343589704390077,2.4998089458225,16.3636332141276,4.04465524393474,2.04,1.65,-0.39,7.527973
2019.5833333333333,-0.3563,4.65367459504771,4.64592817846026,4.64380086533141,0.106699618659056,0.29266961396282,2.99691881933005,16.371263371942,3.97382152619082,2.05,1.4,-0.65,7.461263
2019.6666666666667,-0.3391,4.65462679470068,4.64717548013312,4.64279432272001,0.0956737500682825,0.29266961396282,2.75369356464734,16.3735656661484,4.02294522609181,1.49,0.9,-0.59,7.468528
2019.75,-0.3042,4.65576823875118,4.64822967544854,4.64981893765697,0.100116791334773,0.3293037471426,2.8052688040184,16.3783224788888,3.98095374165141,1.47,1.0,-0.47,7.436429
2019.8333333333333,-0.272,4.65671844786867,4.64870848800257,4.63572001327747,0.0999358286125995,0.322083499169113,2.49319544820293,16.3813801841563,4.02380227672725,1.62,1.27,-0.35,7.48215
2019.9166666666667,-0.2614,4.6581420707542,4.65014355163082,4.61729574595141,0.105530501209464,0.336472236621213,2.73958803083141,16.3794678080654,4.0600532794387,1.67,1.37,-0.3,7.485765
2020.0,-0.2534,4.6581420707542,4.64842122798241,4.64380086533141,0.104360015324243,0.314810739840034,2.63383083812938,16.3848973630682,4.0403388205434,1.59,1.28,-0.31,7.482983
2020.0833333333333,-0.2881,4.65804722558886,4.64976106931597,4.63673369810832,0.0866363066595467,0.300104592450338,2.92045631187368,16.3916689358988,3.93084279695827,1.43,0.96,-0.47,7.334196
2020.1666666666667,-0.2656,4.65576823875118,4.65033473794247,4.51514403433037,0.101021114058728,0.254642218373581,4.20111106401803,16.4169504998414,3.46778692301902,2.09,1.55,-0.54,7.19119
2020.25,-0.1082,4.65386510752685,4.65148108885134,4.31154507908913,0.0826853666186079,0.262364264467491,3.75414999892346,16.4290077791806,3.30701856162894,2.25,1.8,-0.45,7.399575
2020.3333333333333,-0.0814,4.65224459337402,4.65109911787649,4.44033171279025,0.0863611656480435,0.27002713721306,3.43998691212595,16.440885712048,3.41390628040349,2.28,1.76,-0.52,7.651889
2020.4166666666667,-0.1475,4.65462679470068,4.65205377188694,4.52990864098442,0.11822738136465,0.307484699747961,3.57547444589441,16.4480404156269,3.59509336229725,1.89,1.46,-0.43,8.103549
2020.5,-0.2789,4.6559583528202,4.65538790214871,4.57617239748867,0.136539364138827,0.3293037471426,3.28773677654301,16.4540317438802,3.63709656621083,1.72,1.2,-0.52,8.51083
2020.5833333333333,-0.3589,4.65148108885134,4.64899566552812,4.58367913515243,0.167884508996185,0.336472236621213,3.15742071355397,16.4555248581086,3.65156172912955,1.55,1.03,-0.52,8.648108
2020.6666666666667,-0.4146,4.65157655880225,4.64947411154462,4.58794353393889,0.164836242452935,0.336472236621213,3.30078202592813,16.465006783648,3.58354949354485,1.5,0.98,-0.52,8.594695
2020.75,-0.466,4.65310283974339,4.65052588770889,4.61729574595141,0.163393546908436,0.357674444271816,3.30784430215374,16.4723579868975,3.57497140100582,1.38,0.77,-0.61,8.401794
2020.8333333333333,-0.4806,4.65434122999454,4.65176747136487,4.64480639583343,0.168729603274488,0.350656871613169,3.20882719023601,16.4790047880358,3.62110904939563,1.27,0.66,-0.61,8.216822
2020.9166666666667,-0.4966,4.65557808853194,4.65253075734793,4.63673369810832,0.19638881400539,0.350656871613169,3.16486304656032,16.4883233500133,3.72291124730782,1.2,0.58,-0.62,8.215932
2021.0,-0.5047,4.66541826633345,4.66051028102126,4.65181694031965,0.196470979898374,0.322083499169113,3.14466388149769,16.4959245734126,3.81247666575488,1.2,0.62,-0.58,8.260751
2021.0833333333333,-0.5009,4.6658889210228,4.65927951163512,4.63875799029755,0.190455056690677,0.314810739840034,3.04180207422097,16.5014439761766,3.9335672524787,1.04,0.59,-0.45,8.25437
2021.1666666666667,-0.4867,4.66842663562311,4.658995272683,4.65081843799006,0.173869269978971,0.198850858745165,2.92511640204127,16.5073195145116,4.00832178731345,1.06,0.7,-0.36,8.215613
2021.25,-0.4835,4.66964620517246,4.65871095291612,4.65976926851014,0.180570023755148,0.385262400790645,2.82457878771486,16.5115231974619,3.99550348947889,1.13,0.8,-0.33,8.277016
2021.3333333333333,-0.4806,4.67151956652963,4.66013174406207,4.6478169349863,0.194414804481338,0.300104592450338,3.0075940125626,16.5175116332742,4.02682203781632,1.2,0.98,-0.22,8.098411
2021.4166666666667,-0.4839,4.6745096640667,4.66249525260736,4.6478169349863,0.18623057329067,0.29266961396282,2.81881727494894,16.5228194176742,4.10318701888315,1.17,0.88,-0.29,7.888889
2021.5,-0.4907,4.6795352679434,4.66579480780453,4.66075887769531,0.167377109408132,0.322083499169113,2.93124975084848,16.5306219699338,4.13141231840022,1.2,0.75,-0.45,7.68307
2021.5833333333333,-0.4982,4.68268662841592,4.66748749205295,4.63875799029755,0.163138737377181,0.29266961396282,2.75409405793695,16.5354165341333,4.08556446304734,1.17,0.63,-0.54,7.5823
2021.6666666666667,-0.4923,4.68573583382766,4.66945867587045,4.63976860180347,0.16296882827814,0.3293037471426,3.03044258975812,16.5401382565776,4.14174328259198,1.14,0.78,-0.36,7.428698
2021.75,-0.4768,4.6936388339757,4.67180026828585,4.64380086533141,0.148506208299224,0.27763173659828,2.92724491337241,16.5475182071807,4.27203597196534,1.17,0.96,-0.21,7.302886
2021.8333333333333,-0.487,4.70102567163161,4.67656018207476,4.64881843732339,0.132255579120471,0.2390169004705,2.89170059682073,16.5510487455091,4.24796367221972,1.32,1.01,-0.31,7.172415
2021.9166666666667,-0.502,4.70447238706195,4.67888522381037,4.66864069189756,0.122571552388181,0.215111379616946,3.21758762707654,16.5560860307699,4.18819913769373,1.43,1.05,-0.38,7.076453
2022.0,-0.4767,4.71510024536029,4.68277916531507,4.66273516292352,0.123455803926918,0.285178942233662,3.12087622127733,16.5625565751374,4.31655834810503,1.47,1.35,-0.12,6.958588
2022.0833333333333,-0.3353,4.72250867840532,4.6855512979349,4.6676588557853,0.125927556597791,0.262364264467491,3.34843361094252,16.5665303977472,4.39740773671218,1.64,1.79,0.15,6.883125
2022.1666666666667,-0.2374,4.7404001352482,4.68840778455815,4.65081843799006,0.0970359625115944,0.336472236621213,3.74739967836426,16.571216120861,4.59297816442273,1.57,1.85,0.28,6.858373
2022.25,0.0131,4.74170955012692,4.69308948402597,4.65381095892651,0.0787187547113908,0.343589704390077,3.39619429885388,16.5762799563711,4.57986776250084,1.69,2.44,0.75,6.8135
2022.3333333333333,0.2866,4.74935710630059,4.6973846699759,4.67743410468995,0.0562858110105919,0.371563556432483,3.39109165706934,16.5794925987496,4.64431685793885,2.04,2.99,0.95,6.77716
2022.4166666666667,0.8522,4.75720434184359,4.69866052907543,4.6706014768395,0.0550562057480784,0.60431596685333,3.34705177769041,16.5838844101056,4.68551254107055,2.19,3.64,1.45,6.7826
2022.5,0.9915,4.76371121411664,4.70420070945105,4.65081843799006,0.0177416814761571,0.536493370514569,3.29261452584219,16.5876951985741,4.59757642623878,2.28,3.36,1.08,6.717961
2022.5833333333333,1.2495,4.76966715786949,4.70880922074758,4.67158042943849,0.0127187724077746,0.587786664902119,3.11801522230777,16.5955629203179,4.55550924280063,2.27,3.3,1.03,6.761161
2022.6666666666667,2.233,4.78046712784508,4.71590622758276,4.68518608149426,-0.00964637705180545,0.871293365943419,3.3467830816485,16.6002520107263,4.5038249317016,2.34,4.14,1.8,6.750137
2022.75,2.6294,4.79463285093341,4.72072852662236,4.67548668440555,-0.0175531592475892,0.985816794522765,3.36842386864768,16.5961327999004,4.53895666281753,2.34,4.53,2.19,6.707418
2022.8333333333333,2.8283,4.79702944726254,4.72552768265183,4.67840639450889,0.0199006617063362,1.13783300182139,3.05825720628243,16.5963254150892,4.4814159833447,2.17,4.24,2.07,6.730804
2022.9166666666667,3.0181,4.79272800957729,4.72977434921262,4.65778710730615,0.0572306334542717,1.23547147138531,3.08675576666962,16.5911069401569,4.34765385129633,2.17,4.26,2.09,6.751438
2023.0,3.337,4.79884373111827,4.73514526240984,4.67353546427429,0.0740865433526982,1.28370777234479,2.88040952141657,16.5934840686727,4.3593783372965,2.05,4.24,2.19,6.690558
2023.0833333333333,3.5336,4.80426691614375,4.74005066818191,4.68422036437431,0.0690595359314946,1.34025042261848,2.9488648430802,16.5929317101834,4.3552449352103,1.9,4.27,2.37,6.629463
2023.1666666666667,3.6466,4.80721266739425,4.74388810529991,4.65480647916801,0.0682192389771439,1.43746264769429,3.17065409910704,16.5911597795944,4.29904032802737,1.86,4.24,2.38,6.579774
2023.25,3.7437,4.80909014233454,4.74805767353664,4.65877867902845,0.0923968492659676,1.47247205736094,2.80674026870583,16.5881165300553,4.32904639187285,1.87,4.23,2.36,6.54845
2023.3333333333333,3.8618,4.80868229535307,4.74953023649493,4.6666760547234,0.0832375985700556,1.51732262352629,2.84330140566868,16.5889882599444,4.24258495350963,1.97,4.31,2.34,6.519224
2023.4166666666667,4.0073,4.81088269557262,4.75212359894425,4.66569228681326,0.0806579030174545,1.56444054650336,2.70688518940621,16.5873236669939,4.23629685764483,1.69,4.07,2.38,6.482514
2023.5,4.149,4.81389021663658,4.75531284441781,4.63673369810832,0.100569054921695,1.5953389880546,2.72597628378767,16.5847548187224,4.27697301636269,1.7,4.16,2.46,6.587265
2023.5833333333333,4.073,4.81923262856611,4.75797710623185,4.632672778822,0.087003043621574,1.61143591509677,2.91469057499169,16.5839026742585,4.35181095423509,1.67,4.22,2.55,6.566095
2023.6666666666667,4.1492,4.82237614463555,4.75952084581802,4.632672778822,0.0661622022536688,1.62334081760309,2.8831471853943,16.5877489688522,4.4505762412668,1.85,4.51,2.66,6.610459
2023.75,4.16,4.82269799851667,4.76131886847802,4.62757332870965,0.0547722358469795,1.65822807660353,3.02876343821944,16.5865662306839,4.41981844281308,2.07,4.89,2.82,6.625786
2023.8333333333333,4.0221,4.82132940352786,4.76140440801873,4.63875799029755,0.077701507663852,1.64865862558738,2.7045490793218,16.5881933382805,4.32820382797638,1.83,4.43,2.6,6.56203
2023.9166666666667,3.6699,4.82165159442875,4.76362587168006,4.63470529984693,0.0864528877301991,1.64287268852034,2.62424480246224,16.5940524622993,4.26320368349273,1.72,3.82,2.1,6.527727
2024.0,3.6092,4.82591085268599,4.76686377498608,4.62347496231737,0.0866363066595467,1.63119940421561,2.6237322843986,16.5941443469153,4.28771458157532,1.63,3.81,2.18,6.553582
2024.0833333333333,3.6705,4.82951301787778,4.77000642844103,4.62450112967268,0.0764979709727249,1.61938824328727,2.59849101982342,16.5958214498557,4.33548780933828,1.54,3.87,2.33,6.552401
2024.1666666666667,3.7162,4.83126936512793,4.77288559039268,4.61935973017227,0.0836055838547969,1.63510565918268,2.60293492286094,16.5997582989331,4.36727333802453,1.35,3.7,2.35,6.466306
2024.25,3.7025,4.83262443288939,4.77423762710363,4.62450112967268,0.0702720529853317,1.63119940421561,2.85984472391162,16.6020132183497,4.42799377022602,1.41,3.86,2.45,6.444818
2024.3333333333333,3.6821,4.83405721192937,4.77777805059441,4.61729574595141,0.0780715354201554,1.61342993370364,2.59342243235158,16.6044773617056,4.34701714187183,1.32,3.84,2.52,6.422348
2024.4166666666667,3.6496,4.83564678466909,4.78004743589281,4.62244774086084,0.0731575206177265,1.6094379124341,2.83488710593367,16.6112809958667,4.35151459074181,1.46,3.94,2.48,6.417635
2024.5,3.5259,4.83881836994739,4.78264669111885,4.61522749288735,0.0810268386423734,1.60140574073684,2.74265956571127,16.6103954871213,4.3610162032759,1.37,3.83,2.46,6.383401
2024.5833333333333,3.1661,4.83992605263047,4.78490506688528,4.62347496231737,0.0964004942863152,1.5953389880546,2.95412898431916,16.6158792561261,4.28209441467977,1.47,3.68,2.21,6.316793
2024.6666666666667,2.936,4.83945148171276,4.78565672683632,4.61315495328538,0.10490040982537,1.54329810992956,2.9260219455085,16.6215280722298,4.19480057042147,1.4,3.57,2.17,6.309784
2024.75,2.6913,4.84253217453986,4.78790832266726,4.61729574595141,0.0865446014001858,1.51732262352629,2.93738559097709,16.6235687957317,4.23978743893878,1.27,3.5,2.23,6.247032
2024.8333333333333,2.5056,4.84371453387832,4.78857448973328,4.62039012696616,0.0610950993598108,1.48160454092422,2.96320962556294,16.6304784017725,4.241495083726,1.26,3.57,2.31,6.204548
2024.9166666666667,2.4383,4.84591787125066,4.79065340611963,4.61419176001382,0.046788161498759,1.44456326924387,2.71622048326179,16.6336858660107,,1.14,3.32,2.18,6.25734
